content_id,publish_date,category,brand,product_id,content_type,author_id,has_negative_detail,has_size_feedback,has_price_judgment,has_comparison,has_usage_scenario,positive_cliche_ratio,decision_info_score,effective_interaction_score,decision_path_entry_score,transaction_feedback_score,author_credibility_score,decision_value_score,exposure,like_rate,favorite_rate,comment_rate,effective_comment_rate,product_card_click_rate,product_detail_uv_rate,price_view_rate,review_view_rate,purchase_conversion_rate,cancel_return_rate
C00001,2026-05-18,潮鞋,Vans,SKU7100,穿搭展示,A80053,0,0,0,1,0,0.4366,36.58,37.48,42.04,39.34,45.47,39.56,24165,0.0942,0.0363,0.0283,0.015,0.0316,0.0249,0.025,0.0263,0.0101,0.1057
C00002,2026-04-26,潮鞋,Adidas,SKU8243,同质化好评,A10662,0,1,0,0,0,0.6712,30.2,30.74,36.06,41.36,36.58,34.64,11404,0.088,0.0394,0.0223,0.0113,0.018,0.019,0.0207,0.0379,0.0176,0.0906
C00003,2026-04-25,潮鞋,New Balance,SKU9257,穿搭展示,A36423,0,0,0,0,1,0.3842,41.84,37.1,22.17,34.56,46.61,34.99,20486,0.1001,0.0627,0.0219,0.0111,0.0238,0.0187,0.0224,0.018,0.0073,0.0896
C00004,2026-05-22,潮鞋,Vans,SKU5455,对比测评,A72972,0,0,0,1,0,0.107,43.92,42.12,46.01,38.05,55.35,44.05,14299,0.061,0.0543,0.0427,0.0234,0.0424,0.0293,0.0215,0.0243,0.0146,0.0793
C00005,2026-06-01,潮鞋,Asics,SKU2693,真实体验,A39687,0,1,0,0,1,0.145,52.37,31.45,49.56,57.01,55.23,48.7,4980,0.0593,0.0346,0.0438,0.0249,0.0382,0.0389,0.0321,0.0428,0.0289,0.0737
C00006,2026-05-22,潮鞋,Converse,SKU1089,同质化好评,A90653,0,0,0,0,0,0.5548,24.42,20.52,14.94,29.25,45.82,24.37,33973,0.1333,0.0361,0.0101,0.0046,0.005,0.0036,0.0111,0.0161,0.0024,0.104
C00007,2026-05-13,潮鞋,Nike,SKU3688,同质化好评,A49158,0,1,0,0,0,0.9322,27.41,24.89,19.8,33.19,35.67,26.99,35027,0.0586,0.0404,0.0108,0.0051,0.0193,0.0202,0.0119,0.0299,0.0043,0.1011
C00008,2026-05-25,潮鞋,Vans,SKU5493,疑似软广,A55066,0,0,0,0,0,0.9506,13.23,30.9,15.03,29.42,25.81,21.71,9979,0.0379,0.0425,0.0243,0.0109,0.0093,0.0061,0.0187,0.0067,0.001,0.1194
C00009,2026-06-03,潮鞋,Jordan,SKU8566,同质化好评,A19530,1,0,0,0,1,0.7142,37.76,38.57,30.47,50.87,37.39,38.68,18245,0.0653,0.0287,0.026,0.0162,0.027,0.0225,0.0206,0.04,0.0072,0.0938
C00010,2026-04-25,潮鞋,Converse,SKU9631,同质化好评,A19474,0,0,0,0,0,0.5444,18.53,37.72,16.56,24.56,22.01,23.43,16698,0.0538,0.0267,0.011,0.005,0.0169,0.0088,0.0068,0.031,0.001,0.0966
C00011,2026-05-15,潮鞋,Adidas,SKU9001,同质化好评,A31306,0,0,0,0,1,0.8133,26.67,25.66,15.99,28.61,40.18,25.54,19857,0.0639,0.0367,0.0261,0.0121,0.0155,0.0114,0.0138,0.0166,0.001,0.1123
C00012,2026-04-29,潮鞋,Asics,SKU7174,同质化好评,A67560,0,0,1,0,0,0.5865,40.67,32.84,28.22,45.84,47.53,37.71,9116,0.0656,0.0346,0.0184,0.0096,0.0353,0.0244,0.0511,0.0259,0.0276,0.0792
C00013,2026-06-10,潮鞋,Adidas,SKU6376,真实体验,A72531,1,1,0,1,1,0.3264,77.65,59.08,65.45,80.6,73.38,71.05,21508,0.0792,0.0463,0.0619,0.0477,0.0599,0.0529,0.0413,0.0787,0.0314,0.0635
C00014,2026-04-21,潮鞋,Converse,SKU5658,穿搭展示,A54293,0,0,1,0,1,0.2156,52.11,29.2,58.67,55.95,45.9,49.32,9606,0.0838,0.0305,0.019,0.0108,0.0512,0.0418,0.0667,0.0208,0.0335,0.0877
C00015,2026-05-22,潮鞋,Converse,SKU6513,价格判断,A53142,0,1,1,1,0,0.2477,68.05,56.64,72.21,69.46,58.43,66.12,6855,0.0466,0.0333,0.0436,0.0282,0.0736,0.0498,0.0707,0.0655,0.0425,0.0596
C00016,2026-04-29,潮鞋,Converse,SKU1388,真实体验,A19577,0,1,0,1,0,0.2195,47.33,50.52,54.59,61.26,46.65,52.5,5991,0.0292,0.0315,0.0463,0.0271,0.0513,0.0433,0.0262,0.0362,0.0287,0.068
C00017,2026-04-25,潮鞋,Jordan,SKU8377,疑似软广,A85417,0,0,0,0,1,0.7495,25.06,32.07,22.04,33.36,28.63,27.73,19942,0.0862,0.0061,0.0062,0.003,0.0079,0.0037,0.0114,0.0229,0.002,0.1091
C00018,2026-05-09,潮鞋,Asics,SKU5886,同质化好评,A80566,0,1,0,0,0,0.6195,30.98,20.95,29.56,46.73,57.43,34.41,6942,0.0829,0.0216,0.0218,0.011,0.0219,0.0173,0.026,0.0334,0.0127,0.0793
C00019,2026-04-19,潮鞋,Puma,SKU6413,对比测评,A38533,0,1,0,1,0,0.2454,55.1,54.88,52.93,56.06,74.89,56.69,22600,0.0542,0.0472,0.058,0.0351,0.0451,0.0391,0.0364,0.0538,0.0264,0.0577
C00020,2026-05-13,潮鞋,Converse,SKU4454,同质化好评,A54472,0,0,0,0,0,0.6712,17.14,32.68,16.22,31.25,29.17,24.04,18050,0.127,0.0342,0.0295,0.0135,0.0164,0.0125,0.0141,0.0163,0.001,0.111
C00021,2026-04-30,潮鞋,Asics,SKU9329,同质化好评,A67679,1,0,1,0,0,0.683,52.37,40.96,32.75,47.28,59.13,44.84,25161,0.0606,0.017,0.002,0.0013,0.0365,0.0344,0.0577,0.0442,0.0249,0.076
C00022,2026-06-01,潮鞋,Asics,SKU9959,同质化好评,A62779,0,0,0,0,0,0.9155,8.09,32.48,12.56,29.29,33.05,20.82,29640,0.0776,0.0346,0.0305,0.0135,0.0082,0.005,0.0072,0.016,0.001,0.119
C00023,2026-04-17,潮鞋,Vans,SKU6660,价格判断,A66774,1,1,1,0,0,0.1597,73.13,51.3,68.16,81.92,59.96,67.96,13671,0.0537,0.0574,0.038,0.0287,0.0592,0.043,0.0672,0.0709,0.0441,0.053
C00024,2026-04-27,潮鞋,Asics,SKU6846,同质化好评,A59778,0,0,1,0,0,0.7426,23.88,29.34,29.64,39.81,31.16,30.32,28689,0.1,0.0295,0.0209,0.0102,0.016,0.0093,0.0451,0.0133,0.0191,0.1222
C00025,2026-04-19,潮鞋,Nike,SKU4320,对比测评,A19835,0,0,1,1,0,0.1261,51.24,43.76,58.13,58.17,62.05,53.93,2570,0.0623,0.0369,0.0606,0.0359,0.0586,0.0373,0.0698,0.0423,0.0373,0.0698
C00026,2026-05-17,潮鞋,Asics,SKU2030,对比测评,A34733,0,0,0,1,0,0.1793,41.01,51.65,42.43,40.65,49.79,44.3,14249,0.0434,0.0392,0.0617,0.0339,0.0378,0.0173,0.0405,0.0477,0.0172,0.0732
C00027,2026-05-17,潮鞋,Asics,SKU8985,穿搭展示,A96327,0,1,0,0,1,0.6868,42.46,28.55,40.71,39.04,49.51,39.26,13844,0.1273,0.0472,0.04,0.0211,0.0178,0.0195,0.0241,0.0335,0.0164,0.0968
C00028,2026-05-28,潮鞋,Converse,SKU7043,对比测评,A91228,0,1,0,1,1,0.1986,64.42,46.28,63.29,57.45,54.08,58.08,16146,0.0593,0.0784,0.0495,0.0302,0.054,0.0429,0.0427,0.0568,0.0361,0.0647
C00029,2026-04-18,潮鞋,New Balance,SKU5414,穿搭展示,A45470,0,0,1,0,0,0.4608,36.37,20.94,35.07,39.18,26.21,32.5,9947,0.061,0.0468,0.035,0.0174,0.0345,0.0206,0.051,0.0299,0.0177,0.0923
C00030,2026-05-09,潮鞋,Nike,SKU3870,真实体验,A22438,1,1,0,1,1,0.1184,76.26,67.53,65.76,76.74,79.2,72.28,800,0.0311,0.0299,0.0585,0.0454,0.0628,0.0548,0.0393,0.0742,0.0398,0.0513
C00031,2026-06-03,潮鞋,New Balance,SKU5933,穿搭展示,A81928,1,1,1,1,1,0.5502,94.28,46.13,81.09,89.4,78.53,78.8,20010,0.0741,0.0357,0.0251,0.0202,0.0687,0.0471,0.0867,0.0906,0.0503,0.0492
C00032,2026-05-12,潮鞋,Vans,SKU6199,价格判断,A62616,1,0,1,1,1,0.0373,86.36,58.71,85.74,85.09,73.61,79.14,12225,0.0706,0.0351,0.0414,0.0334,0.0718,0.0531,0.0811,0.0634,0.0469,0.0595
C00033,2026-05-02,潮鞋,Vans,SKU2347,同质化好评,A47734,0,0,0,0,1,0.6305,22.45,32.34,17.22,31.93,51.55,27.93,26473,0.0955,0.0324,0.0112,0.0053,0.0122,0.009,0.0192,0.0274,0.0095,0.104
C00034,2026-05-18,潮鞋,Nike,SKU8007,价格判断,A91356,1,0,1,1,1,0.2049,80.08,68.65,68.61,71.52,73.07,72.51,5422,0.0151,0.0145,0.0393,0.0305,0.0722,0.0497,0.0825,0.0502,0.0433,0.079
C00035,2026-05-25,潮鞋,Jordan,SKU1420,穿搭展示,A40552,0,1,0,0,1,0.6677,42.22,33.55,38.64,49.81,73.76,44.26,22288,0.066,0.0655,0.0217,0.0119,0.0247,0.0255,0.0252,0.0431,0.0181,0.0871
C00036,2026-05-08,潮鞋,Vans,SKU4193,疑似软广,A95768,0,0,0,0,0,0.9031,6.52,21.23,13.51,23.85,16.62,15.69,27518,0.0694,0.0071,0.0022,0.001,0.0075,0.0051,0.0067,0.0106,0.001,0.1236
C00037,2026-05-02,潮鞋,Nike,SKU4463,同质化好评,A33808,0,0,0,0,0,0.62,16.95,28.57,17.28,31.95,33.25,23.99,11101,0.0846,0.0166,0.0211,0.0097,0.0172,0.0118,0.0246,0.0141,0.0119,0.1048
C00038,2026-06-06,潮鞋,Asics,SKU8507,穿搭展示,A95787,0,0,0,0,1,0.5705,37.26,40.62,17.83,31.85,37.07,31.97,17310,0.0693,0.0473,0.0419,0.0207,0.021,0.0155,0.0184,0.0227,0.0077,0.1056
C00039,2026-05-06,潮鞋,Puma,SKU1486,同质化好评,A77574,0,0,0,1,1,0.7454,44.69,46.01,41.03,35.04,50.47,42.69,800,0.0827,0.003,0.0042,0.0023,0.0373,0.0279,0.0163,0.0216,0.0146,0.0968
C00040,2026-05-11,潮鞋,Adidas,SKU1816,穿搭展示,A71027,0,0,0,0,1,0.2426,36.34,38.52,33.31,36.95,45.45,37.05,18017,0.0978,0.034,0.0156,0.0081,0.0365,0.024,0.0179,0.0308,0.0168,0.0809
C00041,2026-04-26,潮鞋,Nike,SKU3923,穿搭展示,A70073,1,0,0,0,0,0.3807,38.03,61.95,39.62,51.86,44.46,46.62,18898,0.1014,0.0519,0.0262,0.0173,0.0383,0.0266,0.0253,0.049,0.0191,0.0817
C00042,2026-05-02,潮鞋,Vans,SKU5674,对比测评,A45970,0,1,1,1,0,0.0276,70.74,48.41,73.63,69.9,70.76,66.83,13567,0.0587,0.0507,0.052,0.0338,0.0587,0.045,0.0613,0.0594,0.0493,0.0698
C00043,2026-05-03,潮鞋,Adidas,SKU6455,对比测评,A68033,1,1,0,1,1,0.2245,85.02,70.18,72.45,76.14,63.33,74.97,7332,0.0433,0.0526,0.0316,0.0249,0.0637,0.0427,0.0451,0.0819,0.0472,0.0407
C00044,2026-05-07,潮鞋,Nike,SKU9445,真实体验,A22419,1,1,0,1,0,0.3532,66.25,58.7,61.42,74.93,62.91,64.93,11476,0.0379,0.0382,0.0219,0.0162,0.0479,0.0406,0.0474,0.0918,0.029,0.0703
C00045,2026-05-24,潮鞋,Converse,SKU7130,穿搭展示,A84889,0,0,0,1,0,0.5049,35.2,40.71,40.39,35.33,39.22,38.03,24838,0.1209,0.0579,0.0338,0.0176,0.0429,0.0349,0.0274,0.0296,0.0132,0.0892
C00046,2026-05-27,潮鞋,Converse,SKU5977,穿搭展示,A58504,0,0,0,0,1,0.3887,34.77,40.09,28.7,37.93,37.37,35.21,19562,0.0831,0.038,0.0229,0.0116,0.0255,0.0171,0.0343,0.0251,0.0109,0.0802
C00047,2026-04-21,潮鞋,Asics,SKU2652,穿搭展示,A88756,1,0,0,0,1,0.4085,49.02,40.71,27.64,48.16,50.26,41.97,21192,0.0944,0.0439,0.0342,0.0218,0.0364,0.0261,0.0327,0.0505,0.012,0.0899
C00048,2026-06-02,潮鞋,New Balance,SKU5053,疑似软广,A60767,0,0,0,0,0,0.6693,13.68,41.17,26.96,23.9,23.41,25.52,10657,0.026,0.0248,0.008,0.0037,0.0163,0.0088,0.0107,0.019,0.005,0.1102
C00049,2026-06-01,潮鞋,New Balance,SKU4093,对比测评,A42467,1,1,1,1,0,0.209,86.29,78.29,77.95,87.62,85.01,82.74,21994,0.0309,0.032,0.0633,0.0521,0.0715,0.0466,0.0776,0.0878,0.0523,0.0427
C00050,2026-04-21,潮鞋,Adidas,SKU8211,同质化好评,A98076,0,0,0,0,0,0.6344,6.15,15.47,7.33,20.51,49.16,15.48,17644,0.1008,0.0361,0.0243,0.0102,0.0061,0.0046,0.0148,0.0099,0.0023,0.1153
C00051,2026-05-26,潮鞋,Jordan,SKU4153,价格判断,A59895,0,0,1,1,0,0.1821,61.06,59.63,66.11,48.26,65.19,59.89,8451,0.0657,0.0357,0.0341,0.0211,0.0542,0.037,0.0596,0.0459,0.0431,0.0753
C00052,2026-04-21,潮鞋,Puma,SKU1749,真实体验,A12387,1,1,1,1,0,0.2497,90.03,64.76,77.93,79.07,74.55,78.21,15881,0.0687,0.0594,0.0584,0.0468,0.0724,0.0594,0.0739,0.0827,0.0479,0.0638
C00053,2026-05-14,潮鞋,Asics,SKU3199,对比测评,A60794,0,0,1,1,0,0.0539,61.04,62.22,62.88,53.0,57.47,59.77,800,0.0576,0.0568,0.0235,0.0146,0.0629,0.0367,0.0646,0.0417,0.0307,0.0841
C00054,2026-05-17,潮鞋,Adidas,SKU6167,疑似软广,A26962,0,0,0,0,1,0.9005,19.11,29.33,30.47,27.48,32.71,27.03,7634,0.0942,0.0184,0.0106,0.005,0.014,0.0076,0.0146,0.0223,0.0016,0.0981
C00055,2026-04-21,潮鞋,Nike,SKU3543,真实体验,A15384,1,0,0,0,0,0.2869,45.89,62.5,28.35,48.84,57.5,46.58,9761,0.0394,0.0687,0.0449,0.0296,0.0303,0.024,0.0301,0.0509,0.0203,0.0694
C00056,2026-05-21,潮鞋,Puma,SKU9687,穿搭展示,A90902,0,0,0,0,1,0.3709,39.25,34.72,28.93,38.32,36.39,35.29,25534,0.1129,0.0654,0.0114,0.0058,0.0319,0.0236,0.0143,0.0258,0.0136,0.101
C00057,2026-05-23,潮鞋,Adidas,SKU9395,疑似软广,A15699,0,0,0,0,0,0.8294,21.17,26.52,10.49,20.2,37.01,20.96,16116,0.0782,0.0073,0.0252,0.0112,0.0153,0.0105,0.0144,0.0057,0.0038,0.1096
C00058,2026-04-27,潮鞋,Adidas,SKU7907,同质化好评,A74970,0,0,0,0,1,0.6697,38.94,33.18,32.28,27.69,61.15,36.1,25963,0.0944,0.0323,0.0163,0.0083,0.0216,0.016,0.0291,0.0244,0.0041,0.1087
C00059,2026-05-02,潮鞋,Jordan,SKU7727,同质化好评,A80357,0,0,0,0,0,0.71,15.47,16.9,22.82,22.03,40.91,21.45,6874,0.1038,0.0306,0.0203,0.0091,0.0277,0.0236,0.0108,0.0121,0.001,0.1136
C00060,2026-06-06,潮鞋,Vans,SKU8221,真实体验,A23897,0,0,0,0,0,0.3363,22.64,37.78,28.89,31.16,38.35,30.51,5426,0.0323,0.0198,0.0423,0.0206,0.0314,0.0219,0.0083,0.0227,0.0102,0.1148
C00061,2026-05-23,潮鞋,New Balance,SKU2634,同质化好评,A25871,0,0,0,0,0,0.6229,24.06,28.43,19.68,23.58,38.46,25.18,13019,0.0536,0.0285,0.0092,0.0042,0.0192,0.0112,0.0199,0.0113,0.0018,0.1011
C00062,2026-05-03,潮鞋,Nike,SKU6225,真实体验,A52947,1,1,0,0,1,0.2468,69.66,46.97,44.65,70.35,58.55,57.9,19322,0.0523,0.0178,0.0258,0.0183,0.0254,0.0232,0.036,0.0699,0.0345,0.0695
C00063,2026-05-07,潮鞋,Vans,SKU7889,价格判断,A46258,0,0,1,0,1,0.1032,58.77,28.89,60.72,53.15,59.0,52.18,12137,0.0473,0.05,0.0362,0.0211,0.042,0.026,0.0692,0.0394,0.029,0.0778
C00064,2026-05-10,潮鞋,Puma,SKU4271,穿搭展示,A99466,0,1,0,0,1,0.369,49.61,24.66,38.66,49.29,41.11,40.97,17602,0.1005,0.0246,0.0252,0.0135,0.0289,0.0272,0.0268,0.0341,0.0164,0.0802
C00065,2026-05-19,潮鞋,Asics,SKU2178,同质化好评,A28050,0,0,0,0,0,0.5255,10.19,25.97,18.26,21.19,28.04,19.35,16609,0.0604,0.0358,0.0216,0.0094,0.0173,0.0125,0.0232,0.01,0.0031,0.1159
C00066,2026-06-07,潮鞋,Adidas,SKU5706,同质化好评,A14548,0,0,0,0,0,0.7546,15.38,28.16,13.03,27.34,61.03,24.31,3784,0.0815,0.0244,0.0226,0.0104,0.0151,0.0117,0.0206,0.0178,0.0062,0.0904
C00067,2026-04-29,潮鞋,Jordan,SKU3605,穿搭展示,A71016,0,0,0,1,1,0.561,35.67,43.54,41.88,32.23,53.1,39.85,800,0.0986,0.0261,0.0255,0.0135,0.035,0.0286,0.0229,0.0222,0.0089,0.1085
C00068,2026-05-26,潮鞋,Jordan,SKU9412,价格判断,A84662,1,0,0,0,0,0.371,35.17,65.14,36.78,41.95,47.2,44.13,11009,0.0535,0.0273,0.0379,0.0246,0.0224,0.016,0.0312,0.049,0.0093,0.0905
C00069,2026-06-05,潮鞋,Jordan,SKU4343,同质化好评,A76958,0,0,0,0,1,0.7968,22.18,26.98,27.52,27.37,29.84,26.28,6944,0.0644,0.0195,0.0213,0.01,0.0125,0.0117,0.0037,0.0184,0.001,0.1052
C00070,2026-05-01,潮鞋,Puma,SKU1765,价格判断,A79696,0,0,1,1,0,0.1335,47.95,50.19,55.53,54.63,47.4,51.57,8463,0.0587,0.0203,0.0516,0.03,0.0525,0.0333,0.0768,0.0432,0.0349,0.0769
C00071,2026-06-05,潮鞋,New Balance,SKU9862,对比测评,A61194,0,0,0,1,1,0.2332,45.2,43.72,49.36,42.56,71.19,48.01,14434,0.0294,0.0544,0.0339,0.0192,0.0419,0.0306,0.0292,0.039,0.0164,0.0831
C00072,2026-04-19,潮鞋,Puma,SKU6777,真实体验,A64179,1,1,0,0,1,0.1224,65.9,49.46,50.04,70.44,55.41,58.51,16879,0.0415,0.0747,0.0356,0.0254,0.0445,0.0314,0.0492,0.0807,0.0336,0.0463
C00073,2026-05-20,潮鞋,Jordan,SKU3772,对比测评,A47102,1,0,1,0,1,0.257,72.23,53.83,62.95,58.85,64.14,62.75,13223,0.0476,0.0191,0.0398,0.0291,0.0546,0.0374,0.0662,0.0581,0.0368,0.0754
C00074,2026-05-29,潮鞋,Vans,SKU5040,对比测评,A98653,1,0,0,1,0,0.02,53.07,70.17,53.49,54.39,66.17,58.17,16649,0.0617,0.0413,0.0166,0.0118,0.0591,0.0486,0.0439,0.0556,0.0296,0.0761
C00075,2026-04-23,潮鞋,New Balance,SKU7184,穿搭展示,A15845,0,0,0,0,1,0.4314,34.37,41.0,25.23,32.59,45.07,34.13,22476,0.0471,0.029,0.0067,0.0034,0.0255,0.015,0.0203,0.0287,0.0082,0.1001
C00076,2026-04-21,潮鞋,Asics,SKU7943,同质化好评,A42369,0,1,0,0,0,0.7987,24.41,36.19,29.57,40.81,40.74,32.97,23428,0.0676,0.0344,0.025,0.0124,0.0158,0.0161,0.0104,0.0281,0.0041,0.098
C00077,2026-05-08,潮鞋,Vans,SKU5792,同质化好评,A11607,1,0,0,1,0,0.752,40.79,46.82,42.18,50.84,41.47,44.42,8904,0.0319,0.0293,0.0133,0.0087,0.0262,0.0195,0.0214,0.0402,0.0075,0.0986
C00078,2026-06-04,潮鞋,Jordan,SKU1209,穿搭展示,A43208,0,1,0,0,0,0.3185,43.42,17.5,42.72,31.98,40.84,35.52,23472,0.0754,0.0265,0.0152,0.0077,0.034,0.0233,0.0314,0.0402,0.0153,0.0767
C00079,2026-05-14,潮鞋,New Balance,SKU1229,同质化好评,A86112,0,0,0,0,1,0.9125,22.05,19.9,17.07,21.94,42.37,22.38,8176,0.0314,0.0282,0.0036,0.0016,0.0068,0.0041,0.0055,0.0261,0.001,0.1151
C00080,2026-05-19,潮鞋,Nike,SKU5069,价格判断,A32346,0,0,0,0,1,0.1931,35.56,36.23,30.35,41.53,48.56,36.88,10574,0.0421,0.0438,0.0362,0.0187,0.0287,0.0204,0.037,0.0205,0.0187,0.0771
C00081,2026-04-19,潮鞋,Puma,SKU5824,真实体验,A23206,1,0,0,0,1,0.211,54.54,49.68,34.4,55.79,63.89,49.72,13704,0.0754,0.0421,0.0457,0.0308,0.0395,0.0273,0.0301,0.068,0.0187,0.0715
C00082,2026-05-19,潮鞋,Converse,SKU8763,真实体验,A45089,0,1,0,0,1,0.1135,63.67,41.54,55.91,57.09,59.98,55.62,9066,0.0685,0.0467,0.0412,0.0247,0.0378,0.033,0.0371,0.0447,0.0255,0.0728
C00083,2026-05-12,潮鞋,Nike,SKU9571,价格判断,A31461,0,1,1,1,0,0.2389,68.79,44.88,72.67,73.03,61.61,65.11,20198,0.0368,0.0198,0.0271,0.0174,0.0711,0.0593,0.0716,0.0494,0.0483,0.0567
C00084,2026-04-21,潮鞋,Asics,SKU4763,对比测评,A44664,1,0,0,1,0,0.0726,54.5,75.85,53.59,54.37,59.11,58.98,16815,0.0524,0.0524,0.0415,0.0297,0.0521,0.0291,0.0279,0.0592,0.0267,0.0596
C00085,2026-06-09,潮鞋,Nike,SKU3488,真实体验,A69060,1,1,1,1,0,0.3422,87.81,62.34,73.69,84.21,70.17,76.7,15772,0.0604,0.0508,0.0421,0.0335,0.0771,0.0667,0.071,0.0701,0.0544,0.0554
C00086,2026-04-30,潮鞋,New Balance,SKU6474,同质化好评,A60920,0,0,0,0,1,0.7454,28.01,34.29,25.08,33.27,40.71,30.85,18501,0.0772,0.0342,0.0242,0.0118,0.022,0.0155,0.0122,0.0204,0.0043,0.1076
C00087,2026-06-08,潮鞋,Jordan,SKU4410,真实体验,A20680,0,1,0,0,0,0.1601,42.76,45.03,41.21,55.89,54.12,46.59,10772,0.1067,0.0457,0.0324,0.0181,0.0325,0.0257,0.0379,0.0455,0.0276,0.0727
C00088,2026-05-16,潮鞋,Jordan,SKU6511,穿搭展示,A16043,0,1,0,0,1,0.3233,47.36,39.54,47.35,56.18,60.71,48.89,35626,0.042,0.0382,0.0195,0.0111,0.0304,0.024,0.0297,0.0399,0.0267,0.0759
C00089,2026-04-17,潮鞋,Converse,SKU1151,同质化好评,A44097,0,0,0,0,0,0.5111,22.33,27.16,30.85,31.08,45.23,29.47,10551,0.055,0.0324,0.0194,0.0094,0.0103,0.007,0.0193,0.0203,0.0044,0.0976
C00090,2026-06-06,潮鞋,Puma,SKU7380,价格判断,A29464,0,0,0,0,1,0.1453,43.81,49.48,43.78,35.49,47.09,43.6,11054,0.0474,0.0279,0.0212,0.0116,0.0357,0.0222,0.0314,0.0276,0.0147,0.0902
C00091,2026-05-25,潮鞋,Converse,SKU2898,穿搭展示,A52447,0,0,0,0,1,0.2999,31.08,33.37,27.59,35.98,55.74,34.11,11019,0.0496,0.0651,0.0294,0.0148,0.0236,0.0128,0.0197,0.0257,0.0175,0.0874
C00092,2026-05-24,潮鞋,Adidas,SKU2100,价格判断,A27830,0,0,1,1,0,0.2241,45.36,46.69,57.99,55.03,57.75,51.96,13920,0.0456,0.0147,0.0335,0.0196,0.0623,0.0368,0.0681,0.0412,0.0337,0.0616
C00093,2026-05-12,潮鞋,Converse,SKU7614,价格判断,A31123,0,0,1,0,1,0.2167,54.23,53.87,55.95,44.85,55.06,52.8,16479,0.0682,0.0303,0.053,0.0311,0.0569,0.0545,0.0604,0.0332,0.0324,0.0817
C00094,2026-04-27,潮鞋,Converse,SKU2907,价格判断,A64190,0,0,1,0,0,0.2009,47.71,47.37,44.16,49.47,49.52,47.29,9616,0.0555,0.0596,0.0358,0.0201,0.0509,0.0421,0.069,0.0337,0.0222,0.0919
C00095,2026-05-30,潮鞋,Converse,SKU7225,同质化好评,A77775,0,0,0,0,1,0.661,28.42,39.03,30.85,36.3,55.21,35.41,16479,0.0339,0.0301,0.0245,0.0125,0.0168,0.0115,0.0163,0.0321,0.0106,0.1075
C00096,2026-06-06,潮鞋,Nike,SKU1500,穿搭展示,A72265,0,0,0,0,1,0.6243,36.69,26.49,28.66,45.3,55.47,36.24,24111,0.0737,0.0359,0.0321,0.0165,0.0171,0.0115,0.0207,0.0334,0.0071,0.0817
C00097,2026-05-08,潮鞋,Jordan,SKU2702,对比测评,A67738,0,0,0,1,1,0.2147,49.39,48.4,54.75,44.55,43.81,49.01,15471,0.0231,0.0493,0.0325,0.0185,0.0392,0.0257,0.0318,0.0305,0.0225,0.0837
C00098,2026-04-29,潮鞋,Adidas,SKU4381,穿搭展示,A27372,0,0,0,1,1,0.3739,36.94,36.7,54.15,33.88,38.85,40.77,24047,0.1156,0.0381,0.0193,0.0103,0.0427,0.02,0.0155,0.027,0.0205,0.0906
C00099,2026-05-15,潮鞋,Converse,SKU7445,真实体验,A34947,0,1,1,1,1,0.1382,83.13,43.01,75.6,77.31,78.0,71.55,11825,0.0593,0.0479,0.0293,0.0197,0.0769,0.0661,0.0912,0.0581,0.0476,0.0677
C00100,2026-04-19,潮鞋,Converse,SKU3294,同质化好评,A66815,0,0,0,0,0,0.6474,9.9,17.61,11.78,25.52,28.96,16.94,12377,0.0595,0.0276,0.0286,0.0122,0.0161,0.0113,0.0083,0.0114,0.0017,0.115
C00101,2026-05-12,潮鞋,Jordan,SKU9931,价格判断,A12253,0,0,1,0,0,0.1974,43.48,37.41,44.48,51.28,57.64,45.49,10989,0.062,0.0273,0.0482,0.0267,0.0429,0.0347,0.0746,0.032,0.0223,0.0841
C00102,2026-05-23,潮鞋,Nike,SKU7498,真实体验,A27516,1,1,0,0,0,0.2759,61.58,51.59,53.57,63.94,65.51,58.44,13143,0.0474,0.0411,0.0582,0.0415,0.0451,0.0298,0.0358,0.0832,0.0291,0.0458
C00103,2026-04-28,潮鞋,Jordan,SKU1464,同质化好评,A41609,0,0,0,0,0,0.7494,17.49,33.76,12.18,16.65,42.67,21.77,23049,0.0846,0.0361,0.0154,0.0069,0.0181,0.0126,0.0094,0.0135,0.0088,0.0963
C00104,2026-05-12,潮鞋,Jordan,SKU7289,穿搭展示,A56887,0,0,0,0,1,0.5291,38.2,37.08,28.21,40.7,57.76,37.94,24208,0.0604,0.0532,0.029,0.0151,0.0152,0.0114,0.037,0.0295,0.0166,0.1
C00105,2026-05-12,潮鞋,Nike,SKU7863,真实体验,A30319,1,1,0,1,0,0.2313,73.98,73.82,61.75,76.58,66.86,70.7,15745,0.043,0.0669,0.0466,0.0358,0.0628,0.0399,0.0391,0.0865,0.0367,0.0385
C00106,2026-06-07,潮鞋,Puma,SKU6985,穿搭展示,A35677,0,0,0,0,1,0.3945,38.26,20.17,34.52,33.07,42.1,33.05,3873,0.0667,0.0499,0.0334,0.0166,0.0206,0.0179,0.0183,0.0205,0.0171,0.0997
C00107,2026-04-28,潮鞋,Vans,SKU1662,对比测评,A32252,1,0,1,1,0,0.1555,74.05,78.81,66.05,67.6,70.23,71.33,8757,0.0636,0.0438,0.0314,0.0242,0.0663,0.056,0.0743,0.076,0.04,0.0683
C00108,2026-05-09,潮鞋,Asics,SKU8193,同质化好评,A26336,0,0,0,0,0,0.7522,11.95,30.15,11.42,21.22,34.96,19.61,6569,0.0665,0.0332,0.0148,0.0065,0.0105,0.0073,0.0072,0.0184,0.0056,0.1075
C00109,2026-05-18,潮鞋,Jordan,SKU7759,价格判断,A92718,0,0,1,0,1,0.1623,58.65,27.84,52.78,44.78,49.95,47.38,17176,0.0184,0.0209,0.0266,0.015,0.0487,0.0323,0.0711,0.0398,0.0343,0.0881
C00110,2026-04-30,潮鞋,Jordan,SKU3148,同质化好评,A71815,0,1,0,0,0,0.768,16.23,27.54,28.42,44.01,42.03,29.68,8878,0.0722,0.0327,0.0189,0.0091,0.0187,0.021,0.0097,0.0342,0.0157,0.0791
C00111,2026-06-10,潮鞋,Nike,SKU2809,价格判断,A88590,0,0,1,1,0,0.0758,69.29,48.12,59.62,50.14,50.59,56.94,22799,0.0713,0.0256,0.0468,0.0284,0.0599,0.0313,0.0748,0.0467,0.0417,0.0771
C00112,2026-05-23,潮鞋,Jordan,SKU9578,对比测评,A68483,1,1,0,1,0,0.0642,79.32,74.45,68.7,68.56,52.61,70.87,9025,0.069,0.0374,0.035,0.0269,0.0502,0.05,0.051,0.0854,0.0422,0.055
C00113,2026-05-04,潮鞋,Puma,SKU2931,真实体验,A38594,1,1,0,0,1,0.3905,60.31,62.77,52.4,67.62,63.35,60.59,12206,0.0476,0.0356,0.0588,0.0425,0.0406,0.0313,0.0337,0.079,0.0317,0.066
C00114,2026-05-15,潮鞋,Vans,SKU4581,同质化好评,A19747,0,1,0,0,0,0.733,39.97,25.98,22.42,37.83,39.95,32.36,14635,0.0643,0.0321,0.0137,0.0068,0.011,0.0146,0.0225,0.0399,0.0061,0.0935
C00115,2026-05-14,潮鞋,Puma,SKU2371,同质化好评,A70615,0,0,0,0,0,0.6102,24.87,25.11,21.48,26.31,43.16,26.19,19845,0.0989,0.0328,0.0167,0.0078,0.0246,0.0187,0.0207,0.015,0.001,0.1009
C00116,2026-05-03,潮鞋,Nike,SKU9227,真实体验,A32016,1,1,0,1,0,0.3975,68.15,63.19,53.9,59.69,68.28,61.92,8426,0.1131,0.028,0.0259,0.0189,0.054,0.0521,0.0378,0.0764,0.022,0.0557
C00117,2026-06-05,潮鞋,New Balance,SKU9341,同质化好评,A58864,0,0,0,0,0,0.7567,21.07,36.04,16.37,26.17,41.8,25.98,19133,0.0671,0.0287,0.0115,0.0054,0.0182,0.0126,0.0105,0.0135,0.001,0.1163
C00118,2026-05-31,潮鞋,Puma,SKU6439,真实体验,A81177,1,1,1,0,1,0.2441,86.9,49.26,73.33,80.91,84.39,74.53,12494,0.0178,0.0453,0.0643,0.0505,0.073,0.0705,0.0697,0.0863,0.046,0.0541
C00119,2026-05-13,潮鞋,New Balance,SKU8885,穿搭展示,A73804,0,0,0,0,1,0.323,40.12,42.65,27.91,23.46,31.6,33.39,26167,0.0734,0.038,0.0398,0.0199,0.0341,0.024,0.0217,0.0247,0.0131,0.1092
C00120,2026-05-10,潮鞋,Jordan,SKU9080,疑似软广,A44174,0,0,0,0,0,0.6072,14.94,29.74,19.99,36.65,16.6,23.67,20753,0.0747,0.0186,0.0142,0.0065,0.007,0.0059,0.0109,0.03,0.0036,0.1147
C00121,2026-06-08,潮鞋,Asics,SKU9224,穿搭展示,A46872,0,0,0,0,1,0.4037,30.86,37.39,37.96,34.97,47.25,36.4,7514,0.0723,0.0534,0.0393,0.0202,0.0284,0.0238,0.0279,0.0359,0.0119,0.1158
C00122,2026-05-21,潮鞋,Converse,SKU2526,同质化好评,A92444,0,0,1,0,0,0.9559,18.47,22.48,20.42,40.96,39.15,26.33,23917,0.1222,0.0285,0.0146,0.0069,0.0256,0.0205,0.0388,0.0118,0.0155,0.1153
C00123,2026-06-03,潮鞋,Adidas,SKU7861,穿搭展示,A70598,0,0,1,1,1,0.4217,65.58,34.8,64.27,55.18,59.62,56.42,8139,0.0916,0.0675,0.0294,0.0177,0.0602,0.0416,0.0593,0.0356,0.0369,0.0871
C00124,2026-05-09,潮鞋,Adidas,SKU5194,真实体验,A99640,1,1,1,0,1,0.3396,74.32,52.39,66.63,76.21,65.09,67.47,10032,0.0459,0.0372,0.0551,0.0416,0.0592,0.0621,0.072,0.0746,0.0446,0.0595
C00125,2026-05-30,潮鞋,Nike,SKU1599,同质化好评,A26970,0,0,0,0,0,0.6171,19.76,18.28,24.13,24.41,29.81,22.49,19835,0.0646,0.0273,0.0239,0.0108,0.0088,0.0054,0.0152,0.0229,0.0081,0.1019
C00126,2026-05-08,潮鞋,Nike,SKU3205,同质化好评,A59808,0,0,0,0,0,0.5981,17.63,37.15,18.88,27.25,44.88,26.5,19054,0.0491,0.0239,0.0199,0.0093,0.0257,0.0221,0.0213,0.021,0.008,0.0997
C00127,2026-05-08,潮鞋,Nike,SKU8360,对比测评,A35252,0,1,0,1,1,0.2045,66.68,46.45,63.67,64.27,59.21,60.65,12069,0.0418,0.0376,0.0294,0.0183,0.0607,0.055,0.0423,0.0661,0.0312,0.0921
C00128,2026-05-03,潮鞋,Vans,SKU8079,真实体验,A36992,1,0,0,0,1,0.267,47.71,56.57,37.15,49.11,80.5,50.4,11129,0.0318,0.0326,0.0404,0.0273,0.0405,0.0306,0.0371,0.0507,0.0213,0.0707
C00129,2026-04-18,潮鞋,Converse,SKU4100,同质化好评,A95637,0,0,0,0,0,0.5086,26.62,34.34,22.74,23.44,27.46,26.64,12303,0.0863,0.0389,0.0071,0.0033,0.0139,0.0087,0.0156,0.0121,0.001,0.0966
C00130,2026-05-02,潮鞋,Puma,SKU5909,同质化好评,A54240,0,0,0,0,0,0.6512,24.84,34.85,20.42,24.52,42.28,27.42,20563,0.0954,0.0265,0.0183,0.0087,0.0178,0.0137,0.0103,0.0253,0.0064,0.0952
C00131,2026-04-28,潮鞋,New Balance,SKU3940,价格判断,A11121,0,0,1,1,1,0.1326,63.98,52.55,60.85,57.77,69.15,60.18,5838,0.0629,0.0297,0.0455,0.0283,0.0725,0.0561,0.0752,0.0339,0.0424,0.0737
C00132,2026-05-03,潮鞋,Puma,SKU5060,真实体验,A70469,0,0,0,0,1,0.3549,34.81,39.04,29.26,38.39,48.34,36.34,21050,0.0422,0.037,0.0423,0.0217,0.0212,0.0155,0.0343,0.0237,0.0144,0.0738
C00133,2026-05-22,潮鞋,Asics,SKU1021,穿搭展示,A90342,0,0,0,1,1,0.2728,55.93,35.12,46.09,52.63,57.24,48.78,12711,0.1143,0.0382,0.0341,0.0194,0.037,0.0299,0.0297,0.0275,0.0183,0.0907
C00134,2026-05-29,潮鞋,Jordan,SKU8767,同质化好评,A93422,0,0,0,0,1,0.786,35.43,35.12,38.79,32.79,46.37,36.78,23632,0.0548,0.0276,0.014,0.0072,0.0254,0.0174,0.0205,0.0291,0.0096,0.1029
C00135,2026-06-08,潮鞋,Converse,SKU3549,同质化好评,A87468,0,0,0,0,0,0.7541,19.58,23.86,15.12,24.78,37.44,22.15,2915,0.0671,0.0326,0.0157,0.0071,0.0121,0.009,0.006,0.0058,0.001,0.1162
C00136,2026-06-03,潮鞋,New Balance,SKU1186,真实体验,A71115,0,1,1,0,1,0.2465,68.03,35.92,61.34,54.78,59.3,56.41,9773,0.0396,0.043,0.0403,0.0244,0.0395,0.0345,0.0608,0.0547,0.0365,0.0708
C00137,2026-04-27,潮鞋,Asics,SKU5529,对比测评,A50240,1,0,0,1,1,0.1113,73.17,61.79,57.11,62.46,67.82,64.2,21567,0.041,0.044,0.0495,0.0366,0.0564,0.0367,0.0328,0.0599,0.0236,0.0545
C00138,2026-05-19,潮鞋,Converse,SKU9103,价格判断,A47262,0,0,1,0,0,0.2119,47.45,42.5,36.11,40.58,52.19,42.73,19021,0.0569,0.0346,0.0127,0.0069,0.0335,0.0239,0.0575,0.0246,0.03,0.0909
C00139,2026-04-28,潮鞋,Puma,SKU9921,价格判断,A48908,1,0,1,0,0,0.21,60.47,69.03,55.18,53.82,62.76,59.76,9363,0.0507,0.0209,0.0453,0.0326,0.0516,0.0366,0.0669,0.0713,0.0445,0.0727
C00140,2026-05-29,潮鞋,Converse,SKU5135,同质化好评,A87730,0,0,0,1,1,0.5302,48.73,48.07,50.76,35.82,51.18,46.77,10454,0.0704,0.0397,0.0188,0.0105,0.0317,0.018,0.0197,0.033,0.0225,0.1055
C00141,2026-05-27,潮鞋,New Balance,SKU6382,价格判断,A44831,0,0,1,0,0,0.2289,32.25,44.26,43.47,44.07,53.51,41.95,15678,0.07,0.0446,0.052,0.028,0.0493,0.0358,0.0596,0.0293,0.0243,0.0831
C00142,2026-05-28,潮鞋,Adidas,SKU1037,穿搭展示,A55108,0,0,1,0,1,0.3883,55.08,27.35,48.82,58.42,48.83,48.01,19544,0.0961,0.0334,0.0296,0.0168,0.0377,0.024,0.0668,0.0343,0.0278,0.0947
C00143,2026-04-29,潮鞋,Vans,SKU2865,同质化好评,A70518,0,1,0,0,1,0.9082,38.44,14.45,33.09,52.18,45.15,35.72,28455,0.082,0.0367,0.0073,0.0037,0.0247,0.0225,0.0229,0.0299,0.0115,0.0959
C00144,2026-04-20,潮鞋,Adidas,SKU9195,对比测评,A37832,1,1,0,1,1,0.1006,78.56,61.56,75.82,76.23,68.6,73.01,13930,0.0635,0.0334,0.0533,0.0415,0.0625,0.0419,0.0457,0.0898,0.0453,0.0559
C00145,2026-05-22,潮鞋,New Balance,SKU9325,同质化好评,A61435,0,1,0,0,0,0.647,23.83,30.62,33.64,35.61,48.63,32.48,34436,0.0766,0.0314,0.0205,0.0102,0.0333,0.0259,0.0203,0.031,0.0115,0.0889
C00146,2026-04-17,潮鞋,Jordan,SKU5844,真实体验,A15474,1,1,1,0,1,0.3796,82.91,53.67,75.46,81.66,74.79,74.14,3931,0.0844,0.0504,0.0405,0.0318,0.0652,0.0466,0.0705,0.0765,0.0392,0.0621
C00147,2026-05-11,潮鞋,Jordan,SKU1906,同质化好评,A78121,0,0,0,0,0,0.7123,27.73,22.73,23.31,28.47,43.83,27.38,27524,0.0619,0.0307,0.0166,0.0079,0.0095,0.0064,0.0237,0.02,0.001,0.0945
C00148,2026-06-03,潮鞋,Converse,SKU6679,穿搭展示,A51813,0,0,0,0,0,0.4267,31.33,38.41,25.91,32.72,42.8,32.82,14916,0.129,0.0355,0.025,0.0125,0.0247,0.0183,0.0194,0.026,0.0096,0.0861
C00149,2026-04-27,潮鞋,Converse,SKU1940,真实体验,A96564,1,1,0,1,0,0.1039,85.08,68.45,60.2,71.84,60.21,70.4,15420,0.0605,0.0356,0.0284,0.0218,0.0619,0.0418,0.0479,0.0959,0.0429,0.0571
C00150,2026-05-14,潮鞋,Adidas,SKU3457,同质化好评,A11812,0,0,0,0,0,0.5728,20.57,23.43,15.78,30.02,37.13,23.49,16571,0.0869,0.0306,0.0158,0.0072,0.0199,0.0152,0.0145,0.0185,0.0011,0.099
C00151,2026-04-28,潮鞋,Vans,SKU6719,同质化好评,A66191,0,0,0,0,0,0.7079,24.65,32.47,18.67,26.62,32.16,25.86,23610,0.1319,0.0283,0.0186,0.0087,0.0137,0.0089,0.0242,0.0138,0.0011,0.0948
C00152,2026-05-28,潮鞋,Adidas,SKU4412,价格判断,A82385,0,0,1,1,0,0.2839,54.46,44.63,61.68,50.6,47.04,52.79,10045,0.0287,0.0394,0.0176,0.0103,0.0567,0.044,0.0659,0.0391,0.0323,0.0963
C00153,2026-05-23,潮鞋,Jordan,SKU5706,真实体验,A92313,0,1,0,1,0,0.349,49.69,47.5,51.36,43.34,61.56,49.59,2867,0.041,0.0572,0.0629,0.036,0.0372,0.0308,0.0319,0.058,0.0233,0.0719
C00154,2026-06-06,潮鞋,Converse,SKU5129,对比测评,A89310,1,0,1,0,0,0.2271,57.93,51.8,49.81,63.1,67.27,56.64,800,0.038,0.0472,0.0427,0.0301,0.0559,0.0406,0.0649,0.0549,0.034,0.0832
C00155,2026-04-28,潮鞋,Puma,SKU3118,价格判断,A55914,0,0,1,0,0,0.1631,42.8,43.12,45.72,48.73,37.86,44.29,6356,0.0833,0.033,0.0297,0.0163,0.0558,0.0407,0.0645,0.0317,0.0298,0.087
C00156,2026-05-31,潮鞋,Vans,SKU2193,同质化好评,A95221,0,0,0,0,0,0.824,10.99,23.76,8.4,21.9,37.96,17.78,3022,0.052,0.0321,0.0147,0.0063,0.0123,0.0071,0.0136,0.0055,0.0045,0.0998
C00157,2026-06-09,潮鞋,Puma,SKU2889,同质化好评,A31080,0,0,0,0,1,0.5746,23.59,23.61,28.76,26.87,46.35,27.82,14090,0.1031,0.0352,0.0279,0.0133,0.015,0.0106,0.0117,0.0177,0.0049,0.0982
C00158,2026-04-28,潮鞋,Adidas,SKU4674,真实体验,A24541,1,1,0,0,0,0.1764,60.95,62.9,39.21,63.2,46.82,54.94,25220,0.0293,0.0284,0.0285,0.0199,0.0322,0.0329,0.051,0.0689,0.0249,0.0419
C00159,2026-04-29,潮鞋,Jordan,SKU2900,价格判断,A59152,1,1,0,1,0,0.2333,72.3,73.33,54.19,62.33,50.32,63.79,5929,0.0611,0.0389,0.0522,0.0385,0.0569,0.047,0.0476,0.0784,0.0331,0.0688
C00160,2026-06-05,潮鞋,Asics,SKU4819,同质化好评,A82006,0,0,0,0,0,0.4836,22.6,26.05,33.21,28.42,36.35,28.48,18207,0.0349,0.0244,0.0259,0.0124,0.0175,0.0108,0.0269,0.0294,0.0097,0.0982
C00161,2026-06-06,潮鞋,New Balance,SKU5211,疑似软广,A58612,0,0,0,0,0,0.8435,23.1,26.74,16.38,22.08,31.05,22.74,27977,0.0752,0.0234,0.0119,0.0054,0.0043,0.0027,0.008,0.0082,0.0014,0.1212
C00162,2026-05-09,潮鞋,Vans,SKU5403,穿搭展示,A56671,0,0,1,0,1,0.3881,45.23,31.93,52.49,51.55,68.19,47.94,26222,0.0756,0.0449,0.0292,0.0165,0.041,0.0334,0.0624,0.0336,0.0317,0.105
C00163,2026-06-04,潮鞋,Puma,SKU2288,真实体验,A55836,0,1,0,0,1,0.1043,47.29,31.45,44.9,59.61,58.92,47.15,13521,0.036,0.0355,0.048,0.027,0.0414,0.032,0.0342,0.0617,0.0281,0.0663
C00164,2026-05-05,潮鞋,Puma,SKU6743,同质化好评,A35220,0,0,0,0,0,0.6521,18.12,34.25,17.77,28.21,34.1,24.87,22576,0.0825,0.0407,0.0237,0.011,0.0202,0.0139,0.0166,0.0243,0.001,0.1018
C00165,2026-04-18,潮鞋,Converse,SKU6869,穿搭展示,A19372,0,0,0,1,1,0.3992,55.3,35.43,32.75,39.61,47.04,41.73,13032,0.1096,0.0638,0.0257,0.0138,0.037,0.0297,0.0268,0.024,0.0074,0.0907
C00166,2026-04-30,潮鞋,Jordan,SKU3148,同质化好评,A42101,1,0,1,0,0,0.8181,46.76,48.11,41.13,48.84,62.08,47.57,15186,0.0905,0.0078,0.0282,0.0187,0.0481,0.0338,0.0583,0.051,0.0194,0.0943
C00167,2026-05-11,潮鞋,Adidas,SKU5378,真实体验,A44587,1,1,1,0,1,0.14,85.36,59.06,77.53,83.38,68.31,76.04,7418,0.0763,0.0318,0.0452,0.0358,0.0656,0.045,0.0742,0.0909,0.052,0.0415
C00168,2026-05-10,潮鞋,Vans,SKU7558,穿搭展示,A89890,0,0,0,0,1,0.4323,43.23,22.03,27.74,42.79,47.98,35.5,10795,0.0666,0.041,0.0283,0.0144,0.0341,0.0275,0.026,0.0174,0.006,0.1019
C00169,2026-04-17,潮鞋,Adidas,SKU6208,真实体验,A99484,0,1,0,0,0,0.3007,41.65,29.26,34.53,49.54,56.59,40.46,1580,0.0439,0.0555,0.042,0.0223,0.0225,0.027,0.0273,0.0455,0.024,0.0759
C00170,2026-05-29,潮鞋,New Balance,SKU8050,价格判断,A83775,1,1,1,0,0,0.2027,64.74,52.37,59.81,68.01,60.91,61.3,21176,0.0712,0.0322,0.0391,0.0284,0.0618,0.0562,0.0674,0.0748,0.0455,0.0619
C00171,2026-04-19,潮鞋,Nike,SKU8161,同质化好评,A56013,0,0,0,0,0,0.9148,15.67,25.3,10.09,24.37,39.77,20.35,33601,0.0616,0.041,0.0273,0.0121,0.0143,0.0086,0.0181,0.0204,0.001,0.1158
C00172,2026-04-20,潮鞋,Jordan,SKU9025,穿搭展示,A98091,0,1,0,0,1,0.3222,51.1,35.01,46.7,50.03,62.47,47.71,14679,0.0726,0.0577,0.0085,0.0048,0.0301,0.03,0.0205,0.0533,0.031,0.073
C00173,2026-05-14,潮鞋,Adidas,SKU8416,对比测评,A74811,1,0,0,1,1,0.1874,74.08,59.48,51.71,62.16,79.44,63.72,13847,0.046,0.0557,0.0409,0.0301,0.0529,0.0319,0.0493,0.0468,0.0297,0.0664
C00174,2026-05-03,潮鞋,Jordan,SKU3039,价格判断,A23558,1,0,1,0,1,0.1107,76.46,60.17,59.2,66.04,70.65,66.22,10096,0.0419,0.0471,0.0303,0.0227,0.0572,0.0401,0.0731,0.0656,0.0491,0.0701
C00175,2026-05-21,潮鞋,Adidas,SKU3785,真实体验,A36674,0,1,1,1,1,0.3013,76.16,63.24,74.0,73.98,56.93,70.68,13105,0.0412,0.0357,0.0535,0.0358,0.0723,0.0607,0.0625,0.0693,0.0417,0.0775
C00176,2026-05-22,潮鞋,New Balance,SKU2897,真实体验,A97240,1,1,0,0,1,0.3522,64.09,50.56,52.95,63.25,45.49,56.57,14617,0.0673,0.0386,0.0272,0.0192,0.0401,0.0282,0.029,0.0663,0.0314,0.0597
C00177,2026-06-02,潮鞋,Nike,SKU7885,同质化好评,A35954,0,0,0,0,1,0.7738,24.51,31.74,15.8,27.44,33.49,25.26,32172,0.0925,0.01,0.0059,0.0027,0.0143,0.0093,0.0059,0.0286,0.003,0.1129
C00178,2026-04-24,潮鞋,Vans,SKU9770,价格判断,A20981,0,0,0,1,1,0.2825,45.53,37.91,49.17,44.09,47.31,44.8,6132,0.0287,0.0345,0.0334,0.0184,0.0386,0.033,0.0294,0.0392,0.0153,0.0924
C00179,2026-05-19,潮鞋,Converse,SKU7319,同质化好评,A22728,0,0,0,0,1,0.8683,24.79,35.49,27.65,32.8,30.55,29.82,12434,0.0549,0.0393,0.0194,0.0094,0.0079,0.0054,0.0061,0.0179,0.001,0.1132
C00180,2026-06-11,潮鞋,New Balance,SKU8884,真实体验,A83216,1,1,0,0,1,0.2733,55.52,49.88,53.09,63.51,67.48,56.58,12600,0.0832,0.0411,0.0318,0.0224,0.0392,0.0282,0.0386,0.0751,0.0391,0.056
C00181,2026-05-19,潮鞋,Vans,SKU1652,同质化好评,A67937,0,0,1,0,0,0.7846,30.09,41.43,29.29,39.72,36.51,34.73,32284,0.0927,0.0252,0.0221,0.0112,0.0339,0.022,0.0532,0.0239,0.0182,0.1047
C00182,2026-06-07,潮鞋,Jordan,SKU7491,穿搭展示,A52031,0,0,0,0,1,0.6487,23.76,23.11,27.44,25.4,39.63,26.47,1863,0.0888,0.042,0.0116,0.0054,0.0241,0.0137,0.0208,0.0145,0.0106,0.1121
C00183,2026-04-18,潮鞋,Adidas,SKU5923,真实体验,A28059,1,1,0,0,1,0.3355,68.93,53.29,42.77,62.69,66.2,57.74,11783,0.0593,0.0535,0.0268,0.019,0.039,0.0341,0.0318,0.0801,0.0324,0.064
C00184,2026-06-06,潮鞋,Asics,SKU6773,同质化好评,A82980,0,1,0,0,0,0.8469,30.08,17.49,30.08,39.4,20.52,28.47,27942,0.0777,0.0238,0.026,0.0124,0.0117,0.0134,0.0168,0.0425,0.0153,0.098
C00185,2026-05-18,潮鞋,Asics,SKU4443,真实体验,A70172,0,1,1,0,1,0.2173,69.11,20.57,64.48,71.95,68.05,58.71,11966,0.0876,0.0447,0.0463,0.0284,0.0611,0.051,0.0625,0.0386,0.0411,0.075
C00186,2026-05-01,潮鞋,New Balance,SKU9697,真实体验,A65119,1,1,0,0,1,0.0693,68.71,69.87,57.45,70.5,71.57,66.77,17017,0.0515,0.045,0.0552,0.0414,0.061,0.0533,0.0442,0.0784,0.0388,0.0514
C00187,2026-05-10,潮鞋,Puma,SKU4555,同质化好评,A88198,0,0,0,0,0,0.6401,16.52,15.23,13.46,40.06,43.25,22.88,9152,0.0742,0.0327,0.0248,0.0112,0.0267,0.0197,0.011,0.0218,0.001,0.0992
C00188,2026-05-06,潮鞋,Nike,SKU1151,同质化好评,A50191,0,0,0,0,0,0.6634,15.72,27.92,22.46,25.95,38.02,24.12,11316,0.0738,0.0243,0.0194,0.0089,0.0146,0.0089,0.0205,0.02,0.0012,0.1086
C00189,2026-05-04,潮鞋,Converse,SKU6021,同质化好评,A78219,1,0,1,0,0,0.6366,61.36,56.48,47.52,64.71,42.25,55.68,800,0.0661,0.0376,0.0192,0.0135,0.0484,0.0403,0.0636,0.0583,0.0243,0.0739
C00190,2026-05-21,潮鞋,Jordan,SKU9825,真实体验,A47014,1,1,0,0,0,0.2205,55.36,61.58,47.36,59.98,58.49,55.84,14377,0.0709,0.0399,0.0539,0.0378,0.0411,0.0381,0.0335,0.0608,0.0309,0.0661
C00191,2026-05-19,潮鞋,Adidas,SKU7729,真实体验,A79787,1,1,0,0,1,0.1517,66.19,67.25,52.98,72.16,66.18,64.29,800,0.0417,0.0404,0.0367,0.0271,0.0485,0.0454,0.0397,0.0703,0.0356,0.0525
C00192,2026-05-29,潮鞋,Puma,SKU7374,同质化好评,A56737,0,0,0,0,0,0.8176,14.96,25.95,14.76,23.34,35.77,20.87,20019,0.0901,0.0197,0.0096,0.0043,0.003,0.0024,0.0125,0.0173,0.001,0.1262
C00193,2026-05-03,潮鞋,Converse,SKU7407,价格判断,A54894,1,0,1,1,1,0.3085,85.73,60.4,77.75,64.88,73.65,73.29,11960,0.0066,0.0313,0.0468,0.0365,0.0695,0.0536,0.0693,0.0577,0.0401,0.0684
C00194,2026-04-25,潮鞋,Adidas,SKU6906,真实体验,A53645,1,0,0,0,0,0.4381,42.02,30.83,33.28,43.95,62.06,39.99,7920,0.0643,0.0512,0.0356,0.0224,0.0261,0.0183,0.0288,0.0475,0.0169,0.0821
C00195,2026-05-27,潮鞋,Jordan,SKU6564,对比测评,A31411,1,0,0,1,1,0.1568,69.87,71.92,56.94,63.55,53.88,64.18,9350,0.0409,0.0656,0.0364,0.0269,0.0604,0.0384,0.0388,0.0611,0.0323,0.0541
C00196,2026-06-08,潮鞋,Asics,SKU5615,疑似软广,A28744,0,0,0,0,0,0.94,14.4,19.21,5.4,16.2,24.07,14.44,28813,0.0879,0.0323,0.0096,0.004,0.0064,0.0043,0.005,0.022,0.001,0.1154
C00197,2026-05-13,潮鞋,Jordan,SKU3352,穿搭展示,A79016,0,0,0,0,1,0.4861,27.67,26.93,27.09,45.48,45.36,32.71,8424,0.0873,0.0284,0.0142,0.0071,0.0174,0.0114,0.0268,0.027,0.0114,0.0912
C00198,2026-04-28,潮鞋,Asics,SKU4862,同质化好评,A38989,1,0,0,0,0,0.6994,39.01,38.6,19.4,36.34,36.27,33.22,17277,0.0873,0.0446,0.0205,0.0123,0.0181,0.0089,0.0193,0.0418,0.0068,0.1109
C00199,2026-04-22,潮鞋,Asics,SKU5399,价格判断,A60270,1,1,1,1,0,0.0929,95.65,57.35,81.07,87.01,70.13,80.07,9380,0.0622,0.0371,0.0232,0.0188,0.0696,0.0625,0.0877,0.087,0.0595,0.0553
C00200,2026-05-20,潮鞋,Asics,SKU5272,同质化好评,A23455,0,0,0,0,0,0.804,10.74,24.86,14.21,20.16,36.08,18.85,33115,0.1027,0.0355,0.0178,0.0077,0.0159,0.013,0.0052,0.0129,0.001,0.1216
C00201,2026-04-27,潮鞋,New Balance,SKU7076,真实体验,A12051,0,1,0,0,1,0.1912,49.75,36.83,41.01,53.47,62.38,46.99,11573,0.0326,0.0529,0.0081,0.0046,0.0337,0.0275,0.033,0.051,0.0312,0.068
C00202,2026-05-06,潮鞋,Asics,SKU2113,价格判断,A29243,0,0,1,1,0,0.1404,63.31,44.07,57.65,50.51,55.45,54.7,16171,0.0435,0.0436,0.0396,0.0236,0.0573,0.0386,0.065,0.0338,0.0373,0.0851
C00203,2026-04-17,潮鞋,Asics,SKU6856,穿搭展示,A29559,0,0,0,0,1,0.6377,30.29,24.11,23.47,26.48,50.6,28.62,11218,0.1092,0.0436,0.0156,0.0075,0.0165,0.0072,0.0165,0.0189,0.0085,0.0898
C00204,2026-06-11,潮鞋,Puma,SKU9744,同质化好评,A57547,1,0,0,0,0,0.5218,31.58,43.17,29.99,34.13,27.33,33.58,28979,0.0931,0.0215,0.018,0.0108,0.0298,0.0221,0.0221,0.0501,0.0062,0.0906
C00205,2026-05-26,潮鞋,Asics,SKU4335,对比测评,A25311,1,1,0,1,0,0.1425,72.85,56.54,67.39,67.48,74.76,67.34,9313,0.0521,0.0718,0.0404,0.0304,0.0654,0.052,0.0458,0.0787,0.039,0.0481
C00206,2026-05-23,潮鞋,Adidas,SKU1824,同质化好评,A31230,1,0,1,0,0,0.5477,60.96,51.31,38.44,56.78,53.24,51.79,15977,0.0965,0.0551,0.0104,0.0071,0.0397,0.0243,0.07,0.0587,0.0274,0.0829
C00207,2026-06-09,潮鞋,Converse,SKU5001,穿搭展示,A77654,0,0,0,0,1,0.5234,39.39,37.85,27.08,30.61,49.57,35.27,17664,0.0489,0.0448,0.0243,0.0123,0.0215,0.0183,0.0249,0.0326,0.0108,0.1002
C00208,2026-05-01,潮鞋,Adidas,SKU6101,穿搭展示,A75824,0,0,0,0,1,0.3444,37.62,15.94,28.88,42.23,32.13,31.47,17266,0.121,0.0378,0.025,0.0123,0.0173,0.0149,0.0217,0.0246,0.0165,0.103
C00209,2026-05-13,潮鞋,New Balance,SKU2474,疑似软广,A11103,0,0,0,0,1,0.8377,19.41,13.64,16.92,34.52,47.99,23.51,27537,0.066,0.0217,0.0083,0.0038,0.0254,0.0173,0.0249,0.0237,0.001,0.1058
C00210,2026-06-03,潮鞋,New Balance,SKU6255,对比测评,A78924,0,1,1,1,1,0.1599,82.67,47.34,82.68,77.24,74.44,73.7,19145,0.0699,0.046,0.0288,0.0196,0.0697,0.0533,0.0779,0.0584,0.0462,0.0515
C00211,2026-04-29,潮鞋,Vans,SKU3660,对比测评,A93546,1,1,1,1,0,0.116,86.95,65.79,77.0,91.24,77.26,80.12,14928,0.0697,0.0173,0.0616,0.0499,0.0801,0.0702,0.0826,0.0852,0.0521,0.0502
C00212,2026-05-31,潮鞋,Adidas,SKU8269,价格判断,A72702,0,0,1,0,1,0.2069,48.96,42.85,47.78,56.84,58.13,49.94,16063,0.0512,0.0707,0.0517,0.0297,0.0518,0.0317,0.0629,0.0435,0.0395,0.0985
C00213,2026-05-21,潮鞋,Jordan,SKU5554,穿搭展示,A41918,0,0,0,1,1,0.4846,48.91,39.4,36.74,30.71,55.53,40.99,11378,0.1039,0.0677,0.0194,0.0104,0.041,0.026,0.0144,0.0284,0.0108,0.0927
C00214,2026-06-10,潮鞋,New Balance,SKU1102,同质化好评,A49861,0,0,0,0,0,0.6281,24.19,35.32,14.21,28.27,58.02,28.12,18819,0.1042,0.0246,0.0177,0.0084,0.0226,0.0167,0.0125,0.0149,0.0092,0.1144
C00215,2026-05-08,潮鞋,Puma,SKU2589,对比测评,A26041,1,0,1,1,1,0.1994,81.33,73.92,78.21,80.66,54.15,76.21,13117,0.0655,0.0236,0.0355,0.0281,0.0692,0.0486,0.087,0.0802,0.04,0.0689
C00216,2026-06-07,潮鞋,Nike,SKU4556,对比测评,A41532,1,1,0,1,1,0.2314,83.05,71.9,69.84,76.14,53.23,73.15,11381,0.041,0.0284,0.0626,0.0488,0.063,0.0499,0.0419,0.082,0.0405,0.0461
C00217,2026-04-24,潮鞋,Converse,SKU2430,真实体验,A63233,0,0,0,1,1,0.4324,45.84,59.32,42.47,50.59,58.02,49.86,21765,0.0715,0.0447,0.0402,0.0231,0.0397,0.0281,0.0361,0.0325,0.0158,0.0892
C00218,2026-05-17,潮鞋,New Balance,SKU2969,同质化好评,A64600,0,0,0,0,0,0.6883,13.52,37.55,10.5,17.58,31.55,20.18,20298,0.0874,0.0364,0.0274,0.0121,0.003,0.0025,0.0104,0.0196,0.001,0.1097
C00219,2026-05-28,潮鞋,New Balance,SKU6658,真实体验,A19107,1,0,0,0,1,0.1865,58.75,51.03,44.7,59.0,57.62,53.63,6203,0.075,0.0266,0.0389,0.0269,0.0401,0.0309,0.0319,0.0528,0.0229,0.0826
C00220,2026-05-31,潮鞋,Puma,SKU1624,同质化好评,A36515,0,0,0,0,1,0.7109,28.47,29.11,18.06,34.98,42.6,28.71,27293,0.0608,0.016,0.0177,0.0085,0.0258,0.0184,0.0152,0.014,0.0111,0.0981
C00221,2026-05-17,潮鞋,Jordan,SKU8056,价格判断,A35820,0,0,1,0,1,0.0949,54.52,39.52,57.32,61.96,55.31,53.79,15437,0.0442,0.0297,0.0447,0.0265,0.0515,0.0374,0.0605,0.0327,0.0385,0.0898
C00222,2026-05-14,潮鞋,New Balance,SKU1971,对比测评,A74025,0,1,1,1,0,0.1037,69.29,46.74,61.86,69.41,60.92,62.11,15875,0.0593,0.0366,0.0517,0.0325,0.0718,0.0507,0.0681,0.0427,0.0418,0.0592
C00223,2026-06-04,潮鞋,Adidas,SKU1406,同质化好评,A28893,0,0,0,0,0,0.5351,18.59,26.77,20.74,35.1,45.75,26.78,10099,0.0886,0.0384,0.0116,0.0054,0.0246,0.0168,0.009,0.0228,0.007,0.1018
C00224,2026-04-19,潮鞋,Converse,SKU1941,对比测评,A90282,1,0,0,1,0,0.02,65.76,66.37,54.49,59.71,51.23,60.4,11461,0.0831,0.069,0.0568,0.041,0.0578,0.0346,0.0455,0.0611,0.0301,0.0632
C00225,2026-04-19,潮鞋,Jordan,SKU6765,价格判断,A19372,1,0,1,0,1,0.3791,66.12,46.12,58.22,72.02,45.64,59.28,10403,0.0521,0.0445,0.0349,0.025,0.0433,0.033,0.073,0.0574,0.0353,0.0721
C00226,2026-06-08,潮鞋,Vans,SKU2513,同质化好评,A44267,0,0,0,0,0,0.6523,22.91,22.48,18.59,27.07,45.91,24.88,21145,0.0842,0.0352,0.0165,0.0076,0.0123,0.009,0.0131,0.0281,0.0089,0.1119
C00227,2026-05-04,潮鞋,Asics,SKU9498,对比测评,A42256,0,0,0,1,1,0.1046,51.58,59.67,49.16,45.89,59.45,52.24,11964,0.0615,0.0805,0.0465,0.0272,0.0537,0.0285,0.033,0.0444,0.0248,0.0485
C00228,2026-04-30,潮鞋,Converse,SKU2046,价格判断,A72162,0,0,1,0,1,0.2157,58.19,42.76,49.06,43.46,57.03,49.76,19398,0.0671,0.0131,0.0208,0.0119,0.0445,0.0241,0.0636,0.0371,0.0267,0.0931
C00229,2026-05-09,潮鞋,Converse,SKU3238,同质化好评,A37022,0,0,0,0,0,0.7493,15.44,34.39,16.03,26.35,36.27,23.64,12825,0.0855,0.0264,0.0211,0.0096,0.0146,0.0098,0.0113,0.0133,0.001,0.1124
C00230,2026-05-27,潮鞋,Asics,SKU9450,同质化好评,A39953,0,0,0,0,0,0.9039,20.07,22.06,22.79,20.68,34.52,22.71,29498,0.0882,0.054,0.02,0.009,0.0092,0.0059,0.002,0.0126,0.0032,0.1176
C00231,2026-05-10,潮鞋,New Balance,SKU4333,真实体验,A84362,1,1,0,0,1,0.02,74.05,56.99,55.93,72.66,62.16,64.64,17889,0.0665,0.0428,0.0506,0.0375,0.0493,0.0562,0.0443,0.0793,0.0297,0.048
C00232,2026-06-05,潮鞋,Vans,SKU8633,对比测评,A62965,1,1,0,1,1,0.1962,85.59,68.85,73.3,81.72,74.29,77.27,15199,0.0624,0.0572,0.0204,0.0162,0.0539,0.0397,0.047,0.085,0.0401,0.0591
C00233,2026-05-11,潮鞋,Puma,SKU6812,价格判断,A81813,0,1,1,1,0,0.2253,68.44,51.57,72.11,66.18,69.64,65.65,10496,0.0514,0.0482,0.046,0.0297,0.0674,0.0606,0.0867,0.0585,0.0461,0.0673
C00234,2026-05-07,潮鞋,Puma,SKU8190,穿搭展示,A23295,0,0,0,1,1,0.4897,41.58,48.78,49.82,40.8,46.03,45.37,24149,0.0592,0.0563,0.0455,0.0252,0.0412,0.0256,0.0302,0.027,0.0087,0.1
C00235,2026-06-07,潮鞋,Converse,SKU2236,穿搭展示,A35782,1,0,1,0,1,0.4806,64.41,56.73,51.78,65.15,52.48,58.67,19481,0.0912,0.0439,0.013,0.0093,0.0517,0.0351,0.0534,0.0596,0.0356,0.0984
C00236,2026-05-15,潮鞋,Jordan,SKU7144,价格判断,A96703,0,0,1,0,0,0.2541,38.5,29.16,40.01,44.79,46.13,39.03,13302,0.072,0.0431,0.0505,0.0266,0.0515,0.039,0.057,0.035,0.0318,0.0977
C00237,2026-05-14,潮鞋,Jordan,SKU7332,穿搭展示,A95388,0,0,0,0,0,0.5767,15.55,28.63,11.37,25.91,49.56,22.6,19633,0.1314,0.0528,0.047,0.0212,0.0175,0.0123,0.0072,0.0242,0.0018,0.1012
C00238,2026-04-26,潮鞋,Asics,SKU6153,疑似软广,A18646,0,0,0,0,0,0.8568,24.17,25.68,18.72,31.68,40.99,26.29,31682,0.0686,0.0238,0.0175,0.0082,0.0244,0.0182,0.0161,0.0169,0.001,0.109
C00239,2026-06-07,潮鞋,Nike,SKU4814,真实体验,A11156,1,1,0,0,1,0.2603,69.48,58.96,54.38,69.39,65.28,63.16,14849,0.0527,0.0381,0.0615,0.0451,0.061,0.0413,0.0322,0.0692,0.0317,0.0649
C00240,2026-06-08,潮鞋,Puma,SKU1204,同质化好评,A67450,0,0,0,0,1,0.5854,33.56,33.6,17.76,25.8,49.21,29.63,800,0.0995,0.0138,0.0247,0.012,0.0151,0.0121,0.0376,0.0073,0.0093,0.0889
C00241,2026-06-04,潮鞋,Jordan,SKU2589,同质化好评,A40753,0,0,0,0,0,0.5517,29.29,41.12,26.18,23.73,38.46,30.68,18968,0.1055,0.0364,0.0194,0.0095,0.0203,0.0141,0.0272,0.0218,0.0059,0.0977
C00242,2026-05-02,潮鞋,New Balance,SKU7600,同质化好评,A92657,0,0,1,0,1,0.7882,38.46,27.6,38.33,33.56,54.86,36.92,19944,0.0687,0.0223,0.0062,0.0032,0.0349,0.0301,0.051,0.0143,0.0191,0.1037
C00243,2026-04-29,潮鞋,Asics,SKU8051,对比测评,A48298,0,0,1,1,1,0.0287,74.46,53.94,65.64,56.67,74.01,64.55,3941,0.0722,0.0427,0.0428,0.0274,0.0598,0.041,0.0769,0.036,0.0434,0.0772
C00244,2026-04-18,潮鞋,Asics,SKU9680,疑似软广,A99078,0,0,0,0,1,0.7564,24.29,22.74,27.67,41.32,30.21,28.82,8900,0.0384,0.0338,0.0136,0.0065,0.0226,0.0146,0.0209,0.0179,0.001,0.104
C00245,2026-05-06,潮鞋,Nike,SKU8684,价格判断,A53698,0,0,1,1,0,0.1613,64.2,42.02,60.87,56.08,65.01,57.39,12698,0.0593,0.0429,0.0252,0.0153,0.0581,0.0344,0.0599,0.0439,0.0375,0.083
C00246,2026-06-02,潮鞋,Converse,SKU2656,真实体验,A28424,1,1,0,0,0,0.1299,55.05,58.25,51.22,74.11,54.61,58.5,13637,0.0348,0.037,0.0348,0.0248,0.0468,0.0435,0.0448,0.0689,0.0363,0.0569
C00247,2026-05-20,潮鞋,Jordan,SKU6966,真实体验,A28914,1,0,0,0,1,0.3705,46.27,53.06,39.06,47.94,61.92,47.72,20050,0.0344,0.0275,0.0352,0.0234,0.0315,0.0283,0.0364,0.0578,0.0161,0.0786
C00248,2026-04-27,潮鞋,Adidas,SKU9425,对比测评,A54961,0,1,0,1,1,0.2314,58.93,51.42,56.04,50.11,63.29,55.38,19328,0.0831,0.05,0.0695,0.0416,0.0494,0.0453,0.0333,0.0483,0.0267,0.0542
C00249,2026-05-22,潮鞋,Adidas,SKU8648,价格判断,A86187,1,0,1,0,0,0.3475,47.1,47.66,53.69,61.22,45.47,51.52,11348,0.0414,0.0528,0.0456,0.0311,0.0527,0.0228,0.0622,0.0668,0.0364,0.064
C00250,2026-06-06,潮鞋,Converse,SKU4530,价格判断,A48986,0,1,1,0,0,0.02,56.52,45.34,49.93,63.79,60.94,54.53,4033,0.0527,0.0357,0.0596,0.0355,0.0539,0.0428,0.0732,0.0451,0.0436,0.0632
C00251,2026-04-27,潮鞋,Asics,SKU5617,真实体验,A73515,1,1,0,0,1,0.1569,69.72,56.34,46.52,77.7,58.71,61.74,17835,0.0468,0.0335,0.0556,0.0404,0.0514,0.0431,0.0448,0.0736,0.0332,0.0511
C00252,2026-06-03,潮鞋,Adidas,SKU2060,穿搭展示,A75181,0,0,0,0,1,0.4161,38.1,30.65,30.06,40.08,44.29,35.62,28796,0.0792,0.0462,0.0235,0.012,0.0185,0.011,0.0203,0.0325,0.0115,0.0934
C00253,2026-04-21,潮鞋,Adidas,SKU9338,疑似软广,A47003,0,0,0,1,0,0.8918,32.72,35.94,34.08,22.82,29.86,31.44,10970,0.0464,0.0204,0.0169,0.0083,0.0239,0.0152,0.016,0.0119,0.004,0.1177
C00254,2026-05-28,潮鞋,Jordan,SKU9865,真实体验,A77204,1,0,0,0,1,0.3144,59.4,45.57,42.16,65.14,63.78,53.91,6496,0.0631,0.0256,0.0558,0.0386,0.0328,0.0232,0.0291,0.0525,0.0265,0.0779
C00255,2026-04-17,潮鞋,Converse,SKU8143,价格判断,A76142,0,0,1,1,0,0.1226,58.39,51.97,71.28,45.35,49.37,56.82,17070,0.0258,0.0412,0.0537,0.0325,0.0646,0.0488,0.0786,0.0509,0.0365,0.0776
C00256,2026-05-28,潮鞋,Nike,SKU7124,疑似软广,A62987,0,0,0,1,0,0.8078,27.44,39.18,38.16,30.71,28.36,33.21,4946,0.0324,0.0076,0.0163,0.0081,0.02,0.0165,0.0178,0.0191,0.001,0.1112
C00257,2026-04-29,潮鞋,Nike,SKU5511,价格判断,A50381,0,1,1,0,1,0.1147,79.31,46.88,64.49,74.32,63.07,66.5,16504,0.0356,0.0468,0.0612,0.0397,0.0593,0.0477,0.0701,0.056,0.0546,0.0553
C00258,2026-05-10,潮鞋,Vans,SKU6958,同质化好评,A30675,0,0,0,0,0,0.5071,25.76,30.52,18.92,23.92,45.27,26.59,8631,0.0852,0.0527,0.0299,0.014,0.0108,0.007,0.0203,0.0198,0.001,0.1063
C00259,2026-05-23,潮鞋,Asics,SKU7685,真实体验,A33157,1,1,0,0,0,0.1443,60.2,52.33,51.59,62.66,58.0,56.75,6625,0.0463,0.0621,0.0419,0.0295,0.0367,0.0306,0.0282,0.0668,0.0368,0.0572
C00260,2026-05-19,潮鞋,New Balance,SKU4818,同质化好评,A55854,0,0,0,0,0,0.8358,9.11,27.77,10.43,24.45,35.53,18.88,30307,0.0818,0.0341,0.0252,0.011,0.017,0.0132,0.0183,0.0167,0.001,0.1231
C00261,2026-05-15,潮鞋,Nike,SKU9336,同质化好评,A73219,0,1,0,0,1,0.7579,38.36,28.25,33.04,47.28,49.82,37.94,14996,0.0931,0.0449,0.0258,0.0134,0.021,0.0223,0.0211,0.03,0.0167,0.0903
C00262,2026-05-02,潮鞋,Vans,SKU3938,穿搭展示,A22220,0,1,0,0,1,0.4138,37.35,30.2,41.47,48.48,47.37,40.18,28222,0.0989,0.041,0.0244,0.0129,0.0289,0.024,0.0213,0.048,0.0188,0.0724
C00263,2026-06-10,潮鞋,Vans,SKU8226,穿搭展示,A89736,0,0,0,0,1,0.6084,43.21,33.53,31.42,30.08,44.6,35.84,12095,0.0926,0.0396,0.0188,0.0096,0.0261,0.0179,0.0098,0.0151,0.004,0.094
C00264,2026-05-08,潮鞋,Converse,SKU8947,价格判断,A38024,0,0,1,0,0,0.2536,44.25,27.41,41.48,44.67,55.45,41.39,18542,0.0258,0.0505,0.0249,0.0134,0.0374,0.0253,0.0566,0.0208,0.0311,0.0969
C00265,2026-06-04,潮鞋,Nike,SKU9247,对比测评,A63714,0,0,0,1,0,0.0732,45.23,46.49,44.51,44.04,53.6,45.9,9443,0.05,0.0449,0.0214,0.0119,0.0493,0.0323,0.0406,0.0378,0.0259,0.0777
C00266,2026-05-28,潮鞋,Puma,SKU6346,穿搭展示,A91887,0,0,0,1,1,0.4961,37.19,41.51,34.32,38.32,50.82,38.93,19326,0.0796,0.0441,0.0326,0.0171,0.0378,0.024,0.0245,0.0288,0.0185,0.1037
C00267,2026-06-06,潮鞋,Asics,SKU6766,对比测评,A74732,1,0,0,1,0,0.1355,63.49,73.22,43.84,54.24,59.59,58.28,15042,0.0417,0.01,0.0299,0.0213,0.0524,0.037,0.0488,0.0633,0.0255,0.0712
C00268,2026-05-07,潮鞋,New Balance,SKU1706,对比测评,A40427,0,1,1,1,0,0.1508,75.68,46.06,69.51,71.43,62.08,66.0,9440,0.029,0.0461,0.0416,0.0269,0.0671,0.0543,0.077,0.0617,0.0492,0.0624
C00269,2026-05-28,潮鞋,Nike,SKU3112,同质化好评,A67254,0,0,0,0,1,0.8183,22.01,18.97,24.89,36.6,39.05,26.74,16275,0.0964,0.0139,0.0337,0.0159,0.0299,0.0128,0.0135,0.0129,0.001,0.106
C00270,2026-05-22,潮鞋,Nike,SKU1787,疑似软广,A39227,0,0,0,0,0,0.7558,15.93,29.52,25.26,27.56,13.56,23.07,8542,0.0592,0.0233,0.0037,0.0017,0.019,0.0112,0.0219,0.0269,0.001,0.1132
C00271,2026-05-03,潮鞋,New Balance,SKU8156,价格判断,A64774,0,0,1,0,0,0.1172,54.18,45.06,40.31,48.24,43.26,46.61,9350,0.0618,0.0515,0.0533,0.0298,0.0468,0.0337,0.0581,0.0282,0.0282,0.0829
C00272,2026-05-10,潮鞋,Jordan,SKU4791,价格判断,A76587,0,0,1,1,1,0.02,76.69,60.53,61.51,66.29,57.06,65.62,9410,0.0271,0.0416,0.0471,0.0304,0.0815,0.0652,0.0703,0.0386,0.0365,0.0877
C00273,2026-04-23,潮鞋,Puma,SKU6813,对比测评,A16106,0,1,0,1,0,0.1588,56.9,51.28,51.15,58.62,59.38,54.93,14342,0.0448,0.0281,0.0666,0.0397,0.0598,0.0531,0.0343,0.0501,0.036,0.0666
C00274,2026-04-29,潮鞋,Puma,SKU4932,真实体验,A45638,0,1,0,0,1,0.2136,46.65,37.2,45.68,48.62,71.96,47.44,18505,0.0574,0.0272,0.0594,0.0335,0.0341,0.0261,0.0215,0.0437,0.0207,0.0689
C00275,2026-04-28,潮鞋,Nike,SKU1710,同质化好评,A10466,0,0,0,0,0,0.7661,8.55,27.71,21.46,23.89,42.53,22.08,23368,0.066,0.0429,0.0119,0.0054,0.018,0.0119,0.0144,0.0126,0.001,0.1018
C00276,2026-05-09,潮鞋,Nike,SKU4563,同质化好评,A74632,0,0,0,0,0,0.98,16.76,33.08,5.0,8.51,32.95,17.05,6971,0.0703,0.0341,0.0254,0.0108,0.003,0.0022,0.0072,0.0128,0.001,0.128
C00277,2026-05-30,潮鞋,Vans,SKU2019,同质化好评,A69415,0,0,1,1,0,0.4006,37.87,51.14,65.23,49.9,39.85,49.97,14643,0.0752,0.0219,0.0312,0.0179,0.0694,0.0519,0.0611,0.0252,0.0358,0.0911
C00278,2026-05-21,潮鞋,Asics,SKU2129,同质化好评,A82918,0,0,0,0,0,0.8591,13.24,19.19,18.34,18.73,33.1,18.79,18008,0.0774,0.0149,0.0162,0.007,0.0148,0.0098,0.0081,0.0138,0.001,0.1055
C00279,2026-05-21,潮鞋,Asics,SKU7415,对比测评,A61639,0,1,0,1,1,0.1674,61.73,37.9,57.15,68.28,58.96,56.85,14224,0.0379,0.0556,0.0307,0.0186,0.0517,0.0425,0.0515,0.0565,0.0287,0.0742
C00280,2026-05-09,潮鞋,Vans,SKU6275,穿搭展示,A44443,0,0,0,0,1,0.2351,36.79,36.73,28.37,31.73,44.51,34.43,11352,0.0879,0.0276,0.0323,0.0163,0.0291,0.021,0.0337,0.0242,0.0111,0.0898
C00281,2026-05-09,潮鞋,Asics,SKU4029,对比测评,A74158,1,0,1,1,0,0.3164,74.12,75.31,73.35,75.51,71.39,74.17,15473,0.0493,0.0444,0.0396,0.031,0.075,0.0471,0.0736,0.0518,0.0475,0.0662
C00282,2026-06-08,潮鞋,Asics,SKU4065,对比测评,A74613,1,0,0,1,0,0.274,51.25,74.58,38.73,55.69,63.34,54.89,22039,0.0245,0.0675,0.0367,0.0256,0.046,0.0266,0.0287,0.0591,0.0171,0.0817
C00283,2026-05-23,潮鞋,Puma,SKU5284,同质化好评,A34377,0,1,0,0,0,0.6828,27.27,31.46,22.91,37.31,37.47,30.05,16337,0.0598,0.0391,0.0052,0.0025,0.0097,0.0125,0.0164,0.0255,0.0097,0.0879
C00284,2026-04-22,潮鞋,Jordan,SKU9077,价格判断,A74402,0,0,0,1,0,0.2772,38.82,50.05,47.97,44.3,47.64,45.33,9741,0.0571,0.033,0.0592,0.0328,0.0436,0.0288,0.0275,0.0246,0.0199,0.0836
C00285,2026-06-06,潮鞋,New Balance,SKU5166,真实体验,A73322,1,1,1,0,1,0.2971,83.6,62.64,72.25,91.35,73.1,77.07,22716,0.0742,0.0193,0.0723,0.0576,0.0608,0.0576,0.0767,0.0879,0.0463,0.0573
C00286,2026-04-18,潮鞋,New Balance,SKU3943,穿搭展示,A66601,0,0,0,0,1,0.545,28.84,38.74,16.3,36.77,41.51,30.54,10296,0.0911,0.0696,0.0344,0.0167,0.0207,0.0163,0.0245,0.0213,0.0047,0.0971
C00287,2026-05-31,潮鞋,New Balance,SKU2168,穿搭展示,A84602,0,0,0,1,1,0.2498,51.43,46.41,54.7,37.61,55.81,48.92,23514,0.0785,0.0478,0.0288,0.0164,0.0477,0.0362,0.0358,0.0281,0.0235,0.0973
C00288,2026-04-26,潮鞋,Converse,SKU1228,同质化好评,A97373,0,0,0,0,0,0.7399,8.75,28.26,19.26,22.94,31.41,20.39,11833,0.0642,0.0322,0.0192,0.0085,0.0116,0.0076,0.0096,0.0298,0.001,0.1062
C00289,2026-05-15,潮鞋,New Balance,SKU6684,真实体验,A89012,1,1,1,0,0,0.4009,71.21,60.24,58.06,78.04,72.87,67.26,13200,0.0904,0.0512,0.0435,0.0328,0.0585,0.0478,0.0627,0.0751,0.0444,0.0554
C00290,2026-04-19,潮鞋,Adidas,SKU8516,同质化好评,A80516,0,0,0,0,1,0.7103,25.15,36.54,31.64,33.57,42.17,32.44,22952,0.0765,0.0301,0.0207,0.0103,0.0175,0.0127,0.0196,0.0247,0.0031,0.1103
C00291,2026-05-31,潮鞋,Nike,SKU2199,穿搭展示,A29447,0,0,0,0,0,0.3458,25.11,36.35,28.01,34.51,44.88,31.94,17000,0.0704,0.037,0.0366,0.0181,0.0299,0.0189,0.0227,0.0227,0.0067,0.099
C00292,2026-05-18,潮鞋,Adidas,SKU2035,对比测评,A88986,0,0,1,1,0,0.17,61.74,53.12,59.03,49.52,60.72,56.79,5234,0.0627,0.0319,0.0559,0.0339,0.0614,0.0495,0.0608,0.0346,0.0375,0.0922
C00293,2026-05-01,潮鞋,Converse,SKU8682,真实体验,A74254,1,1,1,0,1,0.1278,86.19,56.34,77.23,82.58,62.35,74.88,10034,0.0406,0.0398,0.0422,0.0332,0.0637,0.0612,0.0731,0.0905,0.0467,0.0504
C00294,2026-05-04,潮鞋,Adidas,SKU1087,同质化好评,A26217,1,0,0,0,0,0.7939,40.25,49.68,26.57,31.79,46.12,37.61,9865,0.0632,0.0536,0.016,0.0099,0.0175,0.0142,0.0143,0.0402,0.0113,0.0943
C00295,2026-06-11,潮鞋,Vans,SKU7043,穿搭展示,A76939,0,1,0,0,1,0.3949,50.26,32.82,41.77,50.85,50.63,44.8,16984,0.0869,0.0404,0.02,0.011,0.0314,0.0278,0.0259,0.0464,0.0153,0.0729
C00296,2026-05-08,潮鞋,Nike,SKU8964,真实体验,A15324,1,1,1,0,0,0.223,67.79,40.45,57.85,84.97,71.08,63.6,19359,0.083,0.0491,0.0356,0.0262,0.0513,0.0478,0.0708,0.0905,0.0434,0.0726
C00297,2026-05-16,潮鞋,Puma,SKU9130,真实体验,A37480,1,1,1,1,0,0.2203,86.99,57.09,85.47,81.95,73.72,78.3,15727,0.0827,0.0397,0.0155,0.0124,0.0754,0.0603,0.0719,0.0838,0.0493,0.0394
C00298,2026-05-20,潮鞋,Vans,SKU2025,价格判断,A68511,1,1,1,0,0,0.217,79.35,62.18,66.62,70.84,49.47,68.05,10016,0.0374,0.0233,0.0165,0.0125,0.0521,0.0412,0.0724,0.0731,0.0471,0.0512
C00299,2026-04-20,潮鞋,Vans,SKU6979,疑似软广,A36934,0,0,1,0,0,0.7455,32.96,25.06,36.94,43.36,24.67,33.63,21159,0.0721,0.0415,0.0051,0.0026,0.0269,0.0263,0.0469,0.01,0.0152,0.0826
C00300,2026-05-12,潮鞋,New Balance,SKU3911,对比测评,A76769,1,0,0,0,0,0.0998,45.43,55.9,34.96,52.25,56.9,47.42,12874,0.027,0.0519,0.0397,0.0263,0.037,0.0298,0.0291,0.0628,0.0271,0.0817
C00301,2026-06-07,潮鞋,New Balance,SKU5222,同质化好评,A15739,0,0,1,0,0,0.783,24.62,33.81,34.46,44.49,51.59,35.59,18061,0.0283,0.0209,0.0241,0.0123,0.0236,0.0157,0.0511,0.0308,0.0154,0.0995
C00302,2026-05-13,潮鞋,Vans,SKU3283,真实体验,A25648,1,1,0,1,1,0.2,86.4,72.0,70.37,77.88,64.54,75.62,9219,0.08,0.0486,0.0287,0.0227,0.0629,0.0351,0.0435,0.0876,0.0375,0.0519
C00303,2026-05-25,潮鞋,New Balance,SKU7036,穿搭展示,A84721,0,0,0,0,0,0.3934,18.64,22.56,30.46,28.75,42.01,26.74,13008,0.04,0.065,0.0055,0.0026,0.0183,0.0127,0.0206,0.0171,0.001,0.0944
C00304,2026-05-11,潮鞋,Converse,SKU3309,同质化好评,A15110,0,0,0,0,0,0.8149,14.4,18.99,5.0,25.66,40.74,17.85,21804,0.0645,0.0469,0.0143,0.0062,0.0127,0.0096,0.0198,0.0109,0.001,0.1013
C00305,2026-06-11,潮鞋,Puma,SKU8725,真实体验,A68014,0,1,1,1,1,0.2004,79.18,38.79,87.36,76.49,67.79,71.47,16439,0.0665,0.0443,0.0492,0.0331,0.0722,0.0614,0.0793,0.0607,0.0475,0.0751
C00306,2026-05-29,潮鞋,Nike,SKU8104,真实体验,A17935,0,0,1,0,0,0.1749,45.51,46.06,31.36,50.58,50.31,43.58,14856,0.0577,0.0387,0.0398,0.0217,0.0465,0.0388,0.0604,0.0386,0.0344,0.0942
C00307,2026-06-08,潮鞋,Adidas,SKU8994,疑似软广,A88838,0,0,0,0,0,0.9346,13.1,24.14,6.67,21.91,15.8,15.73,17441,0.0884,0.0285,0.0051,0.0021,0.0122,0.0085,0.0037,0.015,0.001,0.1073
C00308,2026-05-08,潮鞋,Puma,SKU9385,真实体验,A38579,1,1,0,0,1,0.3727,68.19,62.62,54.53,66.08,62.06,62.63,14212,0.043,0.0411,0.0447,0.0327,0.0326,0.0282,0.0363,0.0798,0.0227,0.0572
C00309,2026-06-05,潮鞋,Puma,SKU9274,真实体验,A35772,0,1,0,1,0,0.3259,48.24,47.94,58.26,42.1,69.71,51.61,11771,0.0241,0.005,0.0226,0.0132,0.0459,0.0378,0.0367,0.0452,0.022,0.071
C00310,2026-04-25,潮鞋,Nike,SKU5147,同质化好评,A58774,0,0,0,0,0,0.7041,14.33,42.91,18.38,31.61,46.36,27.72,13154,0.0755,0.0192,0.0164,0.0078,0.0138,0.0091,0.0115,0.0171,0.006,0.1057
C00311,2026-04-30,潮鞋,Vans,SKU8756,同质化好评,A37455,0,0,0,0,1,0.6636,22.25,35.02,30.3,29.0,52.79,31.22,14051,0.0881,0.0269,0.0162,0.0079,0.0056,0.0038,0.0188,0.0185,0.0129,0.0949
C00312,2026-04-20,潮鞋,Puma,SKU1697,真实体验,A86098,0,0,0,0,1,0.3706,40.28,28.45,24.3,37.29,57.8,35.07,1756,0.0522,0.0604,0.0384,0.0195,0.0357,0.0273,0.0173,0.0241,0.0116,0.089
C00313,2026-04-18,潮鞋,Jordan,SKU7246,同质化好评,A65254,0,0,1,0,0,0.7881,19.84,13.47,32.18,42.45,47.46,28.94,7612,0.0516,0.0251,0.0195,0.0094,0.0168,0.0117,0.0475,0.0169,0.0171,0.1095
C00314,2026-05-04,潮鞋,Vans,SKU8332,穿搭展示,A85498,1,0,0,0,1,0.492,39.86,50.25,42.29,46.92,47.62,44.73,23699,0.0808,0.0323,0.048,0.0312,0.0241,0.0167,0.0294,0.0511,0.0133,0.0832
C00315,2026-04-19,潮鞋,New Balance,SKU4602,疑似软广,A12337,0,0,0,0,0,0.665,17.9,34.15,12.05,23.14,19.16,20.86,33982,0.0489,0.0316,0.0198,0.0088,0.0132,0.0074,0.0047,0.0209,0.001,0.112
C00316,2026-04-22,潮鞋,Jordan,SKU3998,穿搭展示,A96589,0,0,0,0,1,0.5043,26.42,41.32,28.51,39.41,45.7,34.45,27294,0.0575,0.0499,0.0311,0.0157,0.0233,0.019,0.0193,0.0366,0.0182,0.1018
C00317,2026-04-19,潮鞋,Vans,SKU7774,价格判断,A73274,0,0,1,1,1,0.02,70.19,53.5,75.12,64.58,61.02,66.04,3812,0.0585,0.0419,0.0539,0.0349,0.0837,0.0444,0.0718,0.0404,0.0428,0.0758
C00318,2026-04-27,潮鞋,Adidas,SKU5665,穿搭展示,A98059,0,0,0,0,0,0.3985,20.9,34.55,28.14,29.05,40.02,28.98,12673,0.0828,0.0614,0.0213,0.0102,0.0259,0.0161,0.0248,0.019,0.0126,0.1004
C00319,2026-05-17,潮鞋,Jordan,SKU1327,疑似软广,A75314,0,0,0,0,1,0.772,23.51,35.68,19.93,23.81,36.96,26.45,19058,0.1129,0.0207,0.0191,0.0089,0.0223,0.0144,0.01,0.022,0.0045,0.0973
C00320,2026-04-29,潮鞋,Jordan,SKU2915,对比测评,A64790,1,1,0,1,0,0.1062,75.75,83.94,63.49,76.98,58.62,72.85,3090,0.0467,0.0226,0.0442,0.0344,0.057,0.0348,0.057,0.0781,0.0319,0.0575
C00321,2026-05-04,潮鞋,Puma,SKU5677,真实体验,A89707,0,0,0,0,1,0.2929,40.19,37.63,25.0,40.6,54.29,37.37,10349,0.081,0.0239,0.0607,0.0315,0.0292,0.0213,0.0236,0.0178,0.0137,0.0967
C00322,2026-05-29,潮鞋,Puma,SKU7732,价格判断,A58554,0,0,1,1,1,0.1654,70.92,55.9,67.9,61.82,54.7,63.72,14161,0.0743,0.0336,0.0598,0.038,0.0638,0.0495,0.0741,0.0358,0.0397,0.0797
C00323,2026-04-22,潮鞋,New Balance,SKU9948,真实体验,A43355,1,1,0,1,1,0.1756,96.05,59.52,67.31,86.57,59.21,75.98,14714,0.0625,0.045,0.0558,0.0442,0.0697,0.0517,0.0486,0.071,0.039,0.044
C00324,2026-05-18,潮鞋,Jordan,SKU2349,真实体验,A30777,1,1,0,0,0,0.2988,62.27,55.71,52.12,55.19,64.88,57.26,9934,0.0413,0.0484,0.0523,0.037,0.0462,0.0393,0.037,0.0748,0.0303,0.0655
C00325,2026-06-08,潮鞋,Jordan,SKU7772,同质化好评,A28044,0,0,0,0,0,0.7353,20.87,20.99,18.59,10.49,30.04,19.16,26806,0.0951,0.0357,0.0251,0.0109,0.0134,0.0101,0.0092,0.0149,0.001,0.1212
C00326,2026-04-28,潮鞋,New Balance,SKU5693,对比测评,A52524,1,0,0,1,1,0.1863,65.15,62.51,60.32,67.1,77.74,65.06,15484,0.0281,0.0478,0.0718,0.0533,0.0507,0.0352,0.0501,0.0664,0.037,0.0636
C00327,2026-05-17,潮鞋,Jordan,SKU4770,价格判断,A70060,0,0,1,1,0,0.1478,65.08,64.62,60.84,47.29,46.87,58.55,9974,0.0404,0.0348,0.0603,0.037,0.0722,0.0494,0.0614,0.0478,0.0369,0.0678
C00328,2026-06-07,潮鞋,Jordan,SKU9636,真实体验,A17225,0,0,1,1,1,0.3127,62.07,42.6,58.11,61.09,65.83,57.37,17296,0.0484,0.0315,0.0573,0.0349,0.0524,0.0433,0.074,0.0427,0.0312,0.0789
C00329,2026-06-05,潮鞋,Jordan,SKU8496,价格判断,A20396,1,0,1,1,0,0.3008,73.53,71.26,69.99,60.05,54.92,67.63,10812,0.0451,0.0399,0.0466,0.0352,0.0701,0.0478,0.0671,0.0694,0.0396,0.0624
C00330,2026-06-04,潮鞋,Puma,SKU3402,穿搭展示,A19748,0,1,0,0,1,0.5118,56.56,34.02,35.12,43.51,46.12,43.04,11828,0.0657,0.0448,0.0241,0.0131,0.0322,0.0246,0.0221,0.0414,0.0192,0.0966
C00331,2026-05-26,潮鞋,Adidas,SKU3693,真实体验,A74131,1,1,0,0,1,0.3061,66.56,67.75,54.8,65.62,72.71,64.28,9218,0.0609,0.0255,0.0286,0.0211,0.045,0.0392,0.0295,0.0781,0.0285,0.0684
C00332,2026-05-31,潮鞋,Nike,SKU5069,穿搭展示,A89398,0,0,0,0,1,0.2894,30.1,28.39,26.79,41.84,50.18,33.29,7973,0.0681,0.0355,0.041,0.0205,0.0324,0.0213,0.0273,0.0176,0.01,0.0966
C00333,2026-05-12,潮鞋,Jordan,SKU7326,对比测评,A59628,0,0,1,1,0,0.1929,58.96,39.96,61.52,60.47,60.87,56.29,9659,0.057,0.0291,0.061,0.0368,0.0639,0.0404,0.066,0.0351,0.0407,0.0819
C00334,2026-04-28,潮鞋,Puma,SKU4389,穿搭展示,A79627,0,0,0,0,1,0.4369,33.33,41.21,23.74,33.74,50.27,34.28,19770,0.094,0.0941,0.0305,0.0154,0.0321,0.0215,0.0166,0.0229,0.0136,0.1016
C00335,2026-05-29,潮鞋,Vans,SKU5633,穿搭展示,A87414,0,1,0,0,1,0.3354,52.03,42.63,41.87,53.86,55.5,48.32,10557,0.0813,0.0457,0.0204,0.0116,0.0324,0.0322,0.0275,0.0502,0.0262,0.0648
C00336,2026-06-10,潮鞋,Jordan,SKU6706,真实体验,A30760,1,1,0,0,1,0.1593,65.9,61.43,42.46,80.69,69.11,62.43,16123,0.0554,0.0187,0.0491,0.0359,0.0424,0.038,0.0392,0.077,0.0303,0.063
C00337,2026-04-22,潮鞋,Converse,SKU9070,同质化好评,A37423,0,1,0,0,1,0.5336,52.64,31.96,34.27,47.07,34.7,41.0,25560,0.0429,0.0349,0.0113,0.006,0.0192,0.0199,0.0229,0.0462,0.0138,0.0772
C00338,2026-05-13,潮鞋,Converse,SKU6262,同质化好评,A42572,0,0,0,0,0,0.8248,12.46,27.45,12.31,21.0,39.57,19.84,10184,0.084,0.0273,0.019,0.0084,0.0194,0.0133,0.0159,0.0029,0.001,0.1128
C00339,2026-05-28,潮鞋,Adidas,SKU2676,同质化好评,A75632,0,0,0,0,1,0.9079,24.56,26.63,17.46,27.25,32.37,24.52,21868,0.0673,0.0253,0.022,0.0101,0.0057,0.0045,0.009,0.0221,0.001,0.1172
C00340,2026-06-08,潮鞋,Asics,SKU6841,对比测评,A33428,1,1,0,1,0,0.0981,70.77,68.8,68.42,70.64,73.5,70.03,14001,0.0582,0.0398,0.047,0.036,0.0673,0.0527,0.0484,0.0803,0.0379,0.0652
C00341,2026-05-25,潮鞋,New Balance,SKU4414,真实体验,A35075,1,1,1,0,1,0.1291,88.72,51.37,79.36,92.38,72.21,77.99,16185,0.0718,0.0577,0.0497,0.0398,0.0593,0.0595,0.0854,0.0806,0.048,0.0525
C00342,2026-05-01,潮鞋,Adidas,SKU4647,疑似软广,A80297,0,1,0,0,0,0.6857,31.17,32.17,26.22,35.87,31.33,31.09,26049,0.0769,0.0209,0.0158,0.0077,0.0288,0.0267,0.0081,0.0359,0.0206,0.0804
C00343,2026-05-08,潮鞋,Jordan,SKU5219,真实体验,A21812,1,0,0,0,1,0.205,50.34,53.21,51.58,56.22,65.06,53.87,10352,0.0536,0.0528,0.0651,0.0451,0.0491,0.0383,0.0358,0.0581,0.0193,0.0633
C00344,2026-06-07,潮鞋,New Balance,SKU7787,穿搭展示,A58372,0,1,1,0,1,0.3783,59.82,23.8,50.76,66.34,56.12,51.29,19248,0.0701,0.0353,0.0249,0.0145,0.0454,0.0448,0.0602,0.0475,0.0474,0.0739
C00345,2026-04-21,潮鞋,Puma,SKU1124,真实体验,A19145,0,1,1,0,1,0.4429,67.47,42.42,55.18,64.05,70.48,59.01,20233,0.0441,0.0352,0.0672,0.0413,0.0522,0.052,0.0666,0.0526,0.0383,0.0808
C00346,2026-06-04,潮鞋,Adidas,SKU3116,真实体验,A65444,0,1,0,0,0,0.195,44.78,30.04,39.61,49.23,46.9,41.64,8776,0.0388,0.0465,0.0174,0.0093,0.0272,0.02,0.0318,0.0341,0.0247,0.0893
C00347,2026-04-17,潮鞋,Converse,SKU4450,对比测评,A99298,1,0,0,1,1,0.1028,73.76,57.01,54.53,61.85,63.66,62.21,11064,0.0499,0.0453,0.051,0.0372,0.0564,0.0379,0.0435,0.067,0.025,0.0686
C00348,2026-05-23,潮鞋,Nike,SKU6101,价格判断,A68329,0,0,1,0,0,0.1399,43.13,37.27,44.32,30.25,47.48,40.11,11085,0.0656,0.0494,0.0367,0.0195,0.0501,0.0295,0.0638,0.0272,0.0251,0.0883
C00349,2026-05-11,潮鞋,Adidas,SKU8115,对比测评,A44867,1,0,1,1,1,0.2129,83.16,70.41,82.83,70.89,54.83,75.24,14396,0.047,0.0432,0.0512,0.0404,0.0707,0.0476,0.076,0.0763,0.0428,0.0555
C00350,2026-04-26,潮鞋,Converse,SKU5793,穿搭展示,A13245,0,1,0,1,1,0.4445,64.39,28.23,56.3,59.92,51.61,52.96,16746,0.101,0.0513,0.0386,0.0227,0.0518,0.0417,0.031,0.0309,0.0238,0.0652
C00351,2026-05-01,潮鞋,Asics,SKU8050,穿搭展示,A48816,0,0,0,0,1,0.3469,33.36,29.13,29.77,35.99,41.99,33.0,22017,0.0984,0.0687,0.022,0.011,0.0332,0.0187,0.0147,0.0177,0.0117,0.1067
C00352,2026-05-09,潮鞋,Asics,SKU3711,真实体验,A94023,1,1,0,0,1,0.3577,64.83,60.55,48.13,74.73,74.72,62.77,12791,0.031,0.0685,0.0456,0.0334,0.0411,0.0387,0.0426,0.0817,0.0277,0.0625
C00353,2026-05-16,潮鞋,Puma,SKU6834,同质化好评,A43178,0,1,0,0,0,0.8149,36.91,29.42,29.99,39.82,30.08,33.58,7587,0.0594,0.0106,0.0293,0.0147,0.0215,0.021,0.0045,0.0237,0.0114,0.1079
C00354,2026-06-08,潮鞋,Nike,SKU2035,同质化好评,A44791,0,0,0,0,0,0.7255,22.77,35.19,18.31,27.29,38.97,26.66,13956,0.075,0.0276,0.0257,0.0121,0.0154,0.0085,0.0051,0.0077,0.0055,0.0983
C00355,2026-06-08,潮鞋,New Balance,SKU2951,穿搭展示,A97678,0,1,0,0,0,0.6332,42.07,25.62,23.27,50.1,51.67,36.65,18883,0.087,0.0721,0.0359,0.0185,0.0307,0.0289,0.0194,0.0426,0.0188,0.0856
C00356,2026-04-23,潮鞋,New Balance,SKU3653,穿搭展示,A13996,0,0,0,0,1,0.6649,30.02,42.05,23.29,31.58,33.32,31.39,15328,0.0473,0.062,0.0288,0.0141,0.0186,0.0128,0.0229,0.0142,0.0067,0.1098
C00357,2026-06-01,潮鞋,Converse,SKU3844,同质化好评,A27557,0,0,0,0,1,0.736,24.2,28.23,14.29,25.78,38.25,24.25,24417,0.1009,0.043,0.0168,0.0077,0.003,0.0022,0.0226,0.0242,0.0038,0.0993
C00358,2026-06-10,潮鞋,Puma,SKU7652,价格判断,A48204,0,0,1,1,1,0.2169,64.7,57.18,66.47,65.73,63.63,63.74,8499,0.0408,0.0509,0.0566,0.036,0.0555,0.0419,0.0698,0.0355,0.0391,0.0699
C00359,2026-04-28,潮鞋,Asics,SKU1579,对比测评,A49029,0,1,1,1,0,0.3036,68.82,57.36,67.15,66.56,69.64,65.74,5363,0.0658,0.0532,0.0605,0.0391,0.0719,0.0657,0.0699,0.0507,0.0529,0.0553
C00360,2026-04-30,潮鞋,New Balance,SKU9477,穿搭展示,A23123,0,0,0,0,1,0.5215,23.47,32.11,33.42,33.38,48.91,32.21,20156,0.0778,0.0325,0.0301,0.0149,0.0265,0.021,0.0224,0.0159,0.0113,0.1009
C00361,2026-04-17,潮鞋,Puma,SKU4512,真实体验,A54210,0,1,0,1,0,0.3454,46.25,59.37,45.91,40.21,58.0,48.76,18336,0.0866,0.0306,0.062,0.0353,0.0307,0.0264,0.0287,0.0538,0.0302,0.0836
C00362,2026-05-21,潮鞋,Converse,SKU5286,真实体验,A69317,1,1,1,0,1,0.1115,83.2,58.28,65.23,94.76,78.25,75.54,10756,0.0527,0.0453,0.0274,0.0217,0.0681,0.0446,0.0775,0.0756,0.047,0.0624
C00363,2026-05-18,潮鞋,Nike,SKU2008,真实体验,A10572,1,1,1,0,1,0.2767,86.86,40.73,65.04,77.36,74.96,69.09,800,0.0499,0.0581,0.0411,0.0313,0.0653,0.041,0.063,0.0864,0.0466,0.0563
C00364,2026-06-05,潮鞋,Converse,SKU6927,对比测评,A96490,0,0,0,1,0,0.0252,55.39,45.87,48.32,49.03,54.23,50.33,9695,0.0543,0.0362,0.0365,0.0211,0.0523,0.0376,0.0487,0.0395,0.0283,0.0743
C00365,2026-05-30,潮鞋,Converse,SKU4527,真实体验,A23571,1,1,1,0,1,0.3577,82.39,51.72,75.41,76.68,63.98,71.53,15419,0.0802,0.0272,0.0348,0.0269,0.0607,0.0474,0.078,0.0988,0.0476,0.0501
C00366,2026-04-19,潮鞋,Asics,SKU2646,对比测评,A17157,1,0,0,1,1,0.1504,72.34,78.5,59.93,66.0,59.63,67.93,16574,0.0693,0.0662,0.0223,0.0169,0.0527,0.0412,0.0276,0.0674,0.033,0.0628
C00367,2026-04-21,潮鞋,Puma,SKU7967,真实体验,A25454,0,1,1,1,1,0.4274,74.0,44.1,72.36,63.07,55.44,63.57,6223,0.0613,0.0539,0.0196,0.0124,0.0602,0.0399,0.0663,0.06,0.0398,0.0706
C00368,2026-05-06,潮鞋,New Balance,SKU2626,疑似软广,A14844,0,0,0,0,0,0.8375,14.15,31.76,17.31,21.92,32.6,21.86,13142,0.0389,0.003,0.0136,0.0061,0.0072,0.0053,0.002,0.0107,0.0012,0.1037
C00369,2026-06-10,潮鞋,Converse,SKU1316,同质化好评,A33630,0,0,0,0,0,0.7964,10.58,24.7,15.15,19.01,22.61,17.43,22165,0.0943,0.0141,0.021,0.009,0.0167,0.0127,0.007,0.0071,0.001,0.1151
C00370,2026-04-18,潮鞋,Nike,SKU4177,对比测评,A66654,0,0,0,1,1,0.11,61.28,54.82,57.19,44.88,73.52,56.91,14238,0.0372,0.0398,0.0587,0.0356,0.0579,0.0344,0.0374,0.0406,0.023,0.1005
C00371,2026-04-27,潮鞋,Asics,SKU4983,穿搭展示,A76313,0,0,0,0,1,0.6241,24.98,32.24,23.15,31.3,50.64,29.8,12800,0.0358,0.0292,0.0251,0.0121,0.0087,0.0059,0.0097,0.0305,0.0146,0.0956
C00372,2026-06-01,潮鞋,Vans,SKU5713,价格判断,A73495,0,1,1,0,1,0.02,68.93,36.06,71.46,77.71,46.56,62.51,21048,0.0262,0.0492,0.0408,0.0258,0.0569,0.0435,0.0721,0.0583,0.044,0.0614
C00373,2026-04-17,潮鞋,Adidas,SKU8470,真实体验,A65878,0,1,0,0,1,0.02,59.29,45.55,53.22,56.88,62.24,54.84,8630,0.069,0.0185,0.0503,0.03,0.0434,0.0342,0.0369,0.0523,0.0378,0.0926
C00374,2026-05-19,潮鞋,Vans,SKU2363,价格判断,A89632,1,0,1,1,1,0.0511,82.02,69.75,84.16,69.18,81.46,77.48,3617,0.0165,0.0344,0.0254,0.0203,0.0769,0.0533,0.0785,0.0652,0.0479,0.0586
C00375,2026-04-26,潮鞋,Vans,SKU4653,价格判断,A42452,1,1,1,1,0,0.0378,97.99,68.18,77.15,90.26,62.71,81.74,7706,0.0522,0.0165,0.0194,0.0158,0.0731,0.0597,0.082,0.0928,0.0514,0.0496
C00376,2026-04-24,潮鞋,Vans,SKU3495,真实体验,A49798,1,0,0,1,1,0.1987,61.5,62.25,51.82,58.82,70.48,59.59,13465,0.0484,0.0341,0.0486,0.0349,0.0382,0.0298,0.0274,0.0513,0.0226,0.0895
C00377,2026-05-18,潮鞋,Adidas,SKU7057,价格判断,A82968,0,0,1,0,0,0.1423,49.27,33.81,40.54,45.82,49.44,43.32,5636,0.0516,0.0327,0.0311,0.0169,0.0442,0.0302,0.0562,0.0323,0.0299,0.0835
C00378,2026-05-17,潮鞋,Nike,SKU1940,同质化好评,A92191,0,1,0,0,0,0.7665,28.04,23.56,43.5,37.19,26.09,32.64,5200,0.0902,0.0454,0.0125,0.0062,0.0271,0.027,0.0166,0.0331,0.0125,0.0987
C00379,2026-06-04,潮鞋,Nike,SKU7233,对比测评,A16390,1,0,1,1,0,0.1819,73.96,74.85,68.55,64.8,67.81,70.34,11451,0.0475,0.0825,0.024,0.0184,0.0768,0.0471,0.0752,0.0808,0.0374,0.0612
C00380,2026-04-17,潮鞋,Nike,SKU9059,价格判断,A87713,0,1,1,0,0,0.1617,50.84,33.94,51.9,65.64,47.18,50.32,3711,0.0816,0.024,0.0366,0.0211,0.0495,0.0442,0.067,0.0446,0.0392,0.0698
C00381,2026-05-30,潮鞋,Vans,SKU5521,价格判断,A93509,0,0,1,1,0,0.1024,57.97,50.69,57.24,50.0,49.14,53.86,15765,0.0524,0.0339,0.0218,0.0129,0.0558,0.032,0.0746,0.0411,0.0325,0.0783
C00382,2026-04-25,潮鞋,Asics,SKU3212,价格判断,A48227,0,1,1,0,0,0.1462,62.03,47.68,59.39,65.12,52.99,58.21,19353,0.0261,0.0552,0.0368,0.0225,0.0471,0.0354,0.0586,0.0576,0.0398,0.0691
C00383,2026-04-25,潮鞋,Vans,SKU1259,同质化好评,A53381,0,1,0,0,1,0.6466,42.32,26.59,41.01,43.53,40.81,38.94,20961,0.0516,0.0393,0.0179,0.0094,0.0139,0.0159,0.0124,0.0432,0.0152,0.1012
C00384,2026-05-29,潮鞋,Jordan,SKU9853,真实体验,A90480,1,0,1,1,1,0.2115,81.04,73.27,75.75,68.54,82.5,75.81,10977,0.0498,0.007,0.0486,0.0385,0.0744,0.0528,0.0745,0.0643,0.0415,0.0688
C00385,2026-06-07,潮鞋,Jordan,SKU4286,穿搭展示,A59013,0,0,0,0,1,0.2195,33.01,29.39,41.6,38.12,51.61,37.32,32495,0.0927,0.0378,0.0194,0.01,0.0304,0.0193,0.0234,0.0344,0.0195,0.0794
C00386,2026-06-03,潮鞋,New Balance,SKU9491,穿搭展示,A15234,0,1,0,0,1,0.3313,49.08,17.06,44.65,52.12,60.85,43.35,16537,0.0529,0.0459,0.0062,0.0034,0.0249,0.025,0.0271,0.0499,0.0152,0.0762
C00387,2026-05-03,潮鞋,Puma,SKU7272,真实体验,A50386,1,1,0,0,1,0.1319,73.33,56.62,55.63,76.38,64.6,65.3,12791,0.0672,0.033,0.0325,0.0242,0.0507,0.0414,0.0399,0.0768,0.0414,0.0507
C00388,2026-05-15,潮鞋,Asics,SKU4483,真实体验,A44062,1,0,0,0,1,0.3356,54.34,64.6,46.81,51.12,48.03,53.23,15951,0.072,0.0598,0.0564,0.0389,0.0495,0.0377,0.035,0.047,0.0212,0.0733
C00389,2026-05-23,潮鞋,New Balance,SKU2352,同质化好评,A84555,0,0,0,0,1,0.9444,25.14,30.12,20.52,30.48,41.36,27.67,11741,0.0647,0.0209,0.0222,0.0105,0.014,0.0093,0.0097,0.0194,0.0031,0.1024
C00390,2026-06-06,潮鞋,Adidas,SKU4113,穿搭展示,A28188,0,0,0,1,1,0.5159,49.08,32.7,41.39,44.5,46.69,42.73,24930,0.0821,0.0521,0.0225,0.0122,0.0349,0.0225,0.0277,0.0236,0.0166,0.1013
C00391,2026-06-03,潮鞋,Vans,SKU7569,对比测评,A69805,1,0,0,1,0,0.2182,51.54,70.65,48.62,53.85,68.63,56.8,7873,0.0223,0.0495,0.0174,0.0123,0.0489,0.04,0.0404,0.0645,0.0257,0.0931
C00392,2026-04-18,潮鞋,Nike,SKU6194,同质化好评,A99489,0,0,1,0,0,0.7912,29.84,30.02,35.04,37.1,36.85,33.33,15319,0.0413,0.0404,0.0081,0.0041,0.0302,0.0231,0.0529,0.0101,0.0163,0.1095
C00393,2026-04-20,潮鞋,Nike,SKU5636,穿搭展示,A73853,0,0,0,0,1,0.58,23.54,31.22,27.5,27.2,44.27,28.87,15590,0.0473,0.0952,0.0205,0.0099,0.0171,0.0136,0.0289,0.0274,0.0015,0.1053
C00394,2026-06-10,潮鞋,Jordan,SKU2925,穿搭展示,A74010,0,1,0,1,0,0.514,53.8,49.4,44.73,58.98,65.58,52.87,19986,0.1078,0.003,0.0232,0.0137,0.0506,0.0461,0.024,0.0455,0.0138,0.0808
C00395,2026-06-11,潮鞋,Adidas,SKU2528,同质化好评,A93311,1,0,0,0,0,0.7947,22.72,41.13,22.14,40.44,37.24,31.25,33085,0.0782,0.0343,0.0196,0.0116,0.0242,0.0184,0.0194,0.0441,0.001,0.0825
C00396,2026-05-25,潮鞋,Jordan,SKU8313,同质化好评,A47137,0,0,0,0,0,0.7664,6.98,19.51,14.29,28.98,39.45,18.96,4834,0.0616,0.017,0.0044,0.0019,0.0122,0.0092,0.0133,0.0174,0.001,0.1096
C00397,2026-05-11,潮鞋,Adidas,SKU1082,穿搭展示,A74627,0,1,0,0,0,0.4037,31.8,30.04,39.46,43.7,43.64,36.93,13573,0.0494,0.0396,0.0216,0.0111,0.0278,0.027,0.0229,0.0389,0.0124,0.0868
C00398,2026-05-19,潮鞋,Vans,SKU9279,对比测评,A82594,1,1,1,0,0,0.1149,77.78,57.89,57.16,81.56,59.06,67.53,12914,0.0557,0.0186,0.0451,0.034,0.0645,0.0553,0.0744,0.0668,0.0533,0.0562
C00399,2026-06-05,潮鞋,Vans,SKU7011,对比测评,A21143,1,1,0,1,1,0.02,81.85,86.41,73.81,75.51,69.09,78.21,14261,0.0249,0.037,0.0627,0.0502,0.0598,0.0434,0.0505,0.0866,0.0395,0.0468
C00400,2026-06-03,潮鞋,New Balance,SKU4988,真实体验,A41620,0,1,0,0,1,0.3476,51.21,28.39,43.45,58.95,48.69,46.0,11227,0.051,0.0326,0.044,0.0245,0.0361,0.0329,0.0239,0.0356,0.0249,0.0732
C00401,2026-05-16,潮鞋,New Balance,SKU6329,真实体验,A69483,1,0,1,0,1,0.3679,64.14,46.3,59.1,64.18,67.14,59.62,13722,0.0613,0.0405,0.0504,0.0362,0.0519,0.0288,0.07,0.0533,0.0287,0.0674
C00402,2026-05-14,潮鞋,Asics,SKU6748,穿搭展示,A73148,0,0,1,1,1,0.5234,64.67,46.65,64.26,66.46,48.08,59.66,4508,0.0832,0.0456,0.0309,0.0191,0.0662,0.0458,0.0633,0.0397,0.0305,0.0859
C00403,2026-05-18,潮鞋,Nike,SKU1934,价格判断,A42500,0,1,1,1,1,0.1263,82.79,38.42,86.84,71.26,62.12,70.55,15581,0.0636,0.0437,0.0426,0.0285,0.0764,0.0699,0.0777,0.049,0.0471,0.0673
C00404,2026-04-22,潮鞋,New Balance,SKU4742,价格判断,A72241,0,0,1,0,1,0.0988,59.62,33.42,57.37,54.85,64.05,53.31,3435,0.022,0.0435,0.0494,0.0291,0.0523,0.0387,0.071,0.0328,0.0329,0.0845
C00405,2026-05-18,潮鞋,Nike,SKU8481,真实体验,A98544,0,1,0,0,0,0.1861,42.46,30.11,41.73,50.81,59.49,43.18,15365,0.0956,0.032,0.0216,0.0117,0.028,0.0236,0.0244,0.0463,0.0303,0.0876
C00406,2026-05-18,潮鞋,Puma,SKU2217,对比测评,A55709,0,1,0,1,1,0.1518,67.15,46.29,67.79,61.82,58.3,61.19,5312,0.0384,0.0505,0.0485,0.0303,0.0494,0.0297,0.0425,0.0497,0.0358,0.0605
C00407,2026-04-30,潮鞋,Asics,SKU1518,同质化好评,A86066,0,1,1,0,0,0.4187,61.42,36.42,53.14,51.96,48.31,51.15,32339,0.0776,0.0264,0.0039,0.0023,0.0557,0.0446,0.051,0.0418,0.0317,0.0753
C00408,2026-05-12,潮鞋,Jordan,SKU7807,价格判断,A53675,1,1,0,0,0,0.1077,55.79,46.36,49.53,55.86,53.54,52.13,4513,0.0429,0.0416,0.0666,0.0456,0.0342,0.0294,0.0315,0.0658,0.0273,0.0663
C00409,2026-05-17,潮鞋,Jordan,SKU5455,对比测评,A65286,0,0,0,1,1,0.224,44.05,41.59,52.38,50.81,70.48,49.64,14554,0.0515,0.0561,0.0291,0.0167,0.0354,0.0263,0.0271,0.0342,0.0207,0.0891
C00410,2026-06-04,潮鞋,Adidas,SKU1862,同质化好评,A80382,0,0,0,0,0,0.7419,19.19,32.67,20.45,28.71,39.53,26.14,26273,0.1004,0.0348,0.0171,0.008,0.0214,0.013,0.0104,0.0173,0.001,0.1147
C00411,2026-05-26,潮鞋,Nike,SKU8408,对比测评,A66375,0,1,0,1,1,0.1552,65.79,54.08,52.18,60.64,61.16,58.56,13977,0.0268,0.038,0.0427,0.0262,0.0591,0.0493,0.0315,0.0508,0.0355,0.0581
C00412,2026-05-11,潮鞋,Converse,SKU8634,真实体验,A57437,1,1,0,1,0,0.2928,75.22,63.89,55.75,62.89,72.24,65.32,9619,0.0146,0.0622,0.0314,0.0233,0.053,0.0518,0.0396,0.0748,0.0275,0.0444
C00413,2026-06-01,潮鞋,Vans,SKU3358,同质化好评,A14657,0,0,0,0,1,0.9568,21.23,23.64,18.64,29.82,41.52,24.81,7920,0.0423,0.0346,0.0291,0.0134,0.0125,0.0098,0.0175,0.0164,0.001,0.1145
C00414,2026-05-14,潮鞋,Converse,SKU4118,穿搭展示,A62530,0,0,0,1,1,0.1149,54.91,37.45,54.29,42.65,49.34,48.26,29071,0.1072,0.0592,0.0284,0.0161,0.0463,0.0416,0.0385,0.0305,0.0159,0.0901
C00415,2026-04-20,潮鞋,Nike,SKU8430,同质化好评,A41018,1,0,0,0,1,0.6603,41.05,52.48,31.71,53.96,62.65,45.74,12090,0.0166,0.0424,0.0153,0.01,0.0234,0.015,0.0234,0.0561,0.0124,0.0979
C00416,2026-05-31,潮鞋,Asics,SKU5997,对比测评,A16575,1,1,0,1,0,0.2067,70.93,59.11,60.57,73.21,74.62,66.8,4748,0.0422,0.04,0.0543,0.0408,0.0535,0.0411,0.0338,0.0802,0.0338,0.0498
C00417,2026-04-24,潮鞋,Asics,SKU4661,穿搭展示,A55829,0,0,0,0,1,0.4154,31.9,41.62,35.44,29.84,55.53,36.68,14066,0.0649,0.0473,0.0325,0.0167,0.0303,0.0204,0.0291,0.027,0.0097,0.0911
C00418,2026-04-29,潮鞋,Vans,SKU9782,真实体验,A79107,1,1,0,0,1,0.17,63.81,66.36,55.16,66.49,50.18,61.33,3548,0.0483,0.0334,0.0383,0.0278,0.0314,0.0277,0.046,0.0847,0.0252,0.0504
C00419,2026-05-29,潮鞋,Jordan,SKU1380,同质化好评,A67249,0,0,0,0,0,0.768,12.58,21.35,27.11,27.64,39.82,23.7,10189,0.0932,0.0184,0.0055,0.0025,0.0109,0.0097,0.0245,0.0135,0.001,0.0966
C00420,2026-05-02,潮鞋,Asics,SKU2446,同质化好评,A53022,0,0,0,0,0,0.6591,21.14,29.87,22.11,18.26,29.87,23.42,15839,0.0461,0.0279,0.015,0.0068,0.0236,0.0168,0.0204,0.0189,0.001,0.1087
C00421,2026-04-23,潮鞋,Converse,SKU9598,同质化好评,A72807,0,0,0,0,0,0.7916,12.61,31.44,10.18,19.03,31.33,18.93,18912,0.0874,0.0439,0.0264,0.0115,0.0111,0.0089,0.0063,0.0026,0.001,0.1059
C00422,2026-05-09,潮鞋,Jordan,SKU5065,价格判断,A70981,0,0,1,0,0,0.1962,39.73,39.37,40.35,50.64,54.28,43.45,10909,0.0359,0.038,0.0362,0.0197,0.0448,0.0291,0.0658,0.0333,0.0344,0.1001
C00423,2026-04-19,潮鞋,Vans,SKU5820,穿搭展示,A33224,0,0,0,0,1,0.4071,32.54,36.69,35.94,37.44,41.45,36.09,14277,0.0512,0.0766,0.0201,0.0103,0.0326,0.0237,0.0257,0.0253,0.0088,0.0892
C00424,2026-05-05,潮鞋,Vans,SKU3935,真实体验,A91041,1,1,0,0,0,0.2215,61.24,53.24,45.15,74.24,44.78,56.57,15108,0.0534,0.0333,0.0377,0.0265,0.0455,0.0411,0.0379,0.0786,0.0352,0.0665
C00425,2026-04-17,潮鞋,Adidas,SKU9377,同质化好评,A99040,0,0,0,0,0,0.5782,25.93,37.93,21.45,22.0,42.62,28.09,23360,0.064,0.0176,0.0188,0.009,0.0136,0.0111,0.0152,0.0306,0.001,0.105
C00426,2026-05-05,潮鞋,Asics,SKU4912,穿搭展示,A62673,0,1,1,0,0,0.2516,56.06,34.31,50.47,67.38,57.08,52.68,9419,0.0519,0.0348,0.0299,0.0176,0.0524,0.0468,0.0624,0.0443,0.0437,0.0679
C00427,2026-06-07,潮鞋,Nike,SKU9509,真实体验,A41050,0,1,1,0,0,0.2229,65.99,39.27,61.27,59.05,56.45,57.12,13236,0.0313,0.0355,0.0563,0.0342,0.0569,0.045,0.0677,0.0558,0.0454,0.0653
C00428,2026-05-13,潮鞋,Asics,SKU5196,对比测评,A78613,1,0,0,1,1,0.1996,74.45,65.31,52.94,61.51,63.38,63.55,14103,0.0638,0.0603,0.0293,0.0216,0.0562,0.0373,0.0401,0.067,0.0301,0.0816
C00429,2026-04-30,潮鞋,Converse,SKU2281,真实体验,A43964,1,1,1,1,1,0.1155,93.73,73.88,85.52,90.64,83.88,86.1,17358,0.0316,0.0606,0.0526,0.044,0.0803,0.0526,0.0897,0.0908,0.0498,0.0427
C00430,2026-05-24,潮鞋,Jordan,SKU9573,同质化好评,A68699,0,0,0,0,0,0.8705,9.74,28.65,21.24,24.54,31.9,21.57,18512,0.0415,0.0088,0.0247,0.011,0.0092,0.0062,0.0158,0.0225,0.001,0.1281
C00431,2026-06-02,潮鞋,Vans,SKU1924,穿搭展示,A69369,0,0,0,0,1,0.3173,33.64,44.42,28.36,34.89,35.56,34.92,21293,0.077,0.0185,0.0259,0.0131,0.0301,0.024,0.0239,0.0241,0.0208,0.0957
C00432,2026-04-28,潮鞋,Puma,SKU7272,穿搭展示,A21884,0,0,0,0,0,0.3404,29.76,36.71,28.84,33.55,41.55,32.86,21602,0.1272,0.0398,0.0164,0.0081,0.0198,0.0159,0.0298,0.0218,0.0032,0.0916
C00433,2026-05-12,潮鞋,Puma,SKU8024,价格判断,A74355,0,0,1,0,0,0.2219,45.39,37.71,47.46,52.45,49.78,46.22,6366,0.036,0.0302,0.0413,0.023,0.0467,0.0275,0.0546,0.0203,0.0185,0.0876
C00434,2026-05-29,潮鞋,Puma,SKU7130,价格判断,A56507,1,0,1,1,0,0.1654,75.06,66.59,67.7,63.05,46.09,66.23,3804,0.0594,0.0313,0.0165,0.0124,0.0686,0.0394,0.0824,0.06,0.0426,0.0772
C00435,2026-05-16,潮鞋,Vans,SKU3669,真实体验,A39548,1,1,0,0,0,0.2749,61.68,60.11,48.26,66.32,71.04,59.87,12322,0.061,0.0522,0.0351,0.0253,0.0346,0.0319,0.0366,0.0659,0.0326,0.071
C00436,2026-06-09,潮鞋,New Balance,SKU3967,对比测评,A90864,1,0,0,1,1,0.0227,72.44,80.71,53.91,60.75,58.41,65.72,6421,0.0733,0.0454,0.0368,0.0274,0.0557,0.0358,0.0411,0.057,0.0289,0.063
C00437,2026-05-05,潮鞋,Puma,SKU8915,真实体验,A31358,1,1,0,1,0,0.1486,68.89,68.01,64.02,80.76,64.88,69.47,16172,0.0674,0.0339,0.0537,0.041,0.054,0.051,0.0408,0.0764,0.0321,0.0453
C00438,2026-06-04,潮鞋,Asics,SKU4799,对比测评,A24924,1,1,0,1,0,0.1233,73.59,68.03,59.68,65.51,53.28,65.35,13396,0.0567,0.063,0.0575,0.0428,0.0714,0.0555,0.0409,0.0696,0.038,0.055
C00439,2026-04-29,潮鞋,New Balance,SKU1917,真实体验,A36320,1,1,0,0,0,0.445,47.61,39.2,45.33,50.97,53.69,46.64,5672,0.0541,0.0511,0.0187,0.0123,0.0302,0.0256,0.0384,0.0675,0.0178,0.0651
C00440,2026-04-25,潮鞋,Puma,SKU8466,对比测评,A10804,1,1,0,1,1,0.2711,78.66,67.37,79.21,74.98,77.85,75.72,8689,0.0483,0.0452,0.0339,0.0268,0.0596,0.053,0.0413,0.0812,0.0398,0.0458
C00441,2026-05-10,潮鞋,Nike,SKU8013,穿搭展示,A69470,0,0,1,0,1,0.5664,38.33,38.39,40.37,52.33,54.9,43.31,18368,0.0751,0.0342,0.041,0.0223,0.0444,0.0326,0.0532,0.0282,0.0249,0.1
C00442,2026-05-22,潮鞋,Vans,SKU9601,价格判断,A43902,0,0,1,1,1,0.3386,54.09,52.13,66.14,49.85,63.6,56.81,11199,0.048,0.0137,0.0399,0.0242,0.0659,0.0446,0.0725,0.0438,0.0307,0.099
C00443,2026-04-25,潮鞋,Nike,SKU6228,价格判断,A55048,0,0,1,1,0,0.3069,59.6,40.56,54.19,61.11,45.31,53.31,800,0.0655,0.0515,0.0589,0.0348,0.0655,0.0538,0.0644,0.0231,0.0325,0.0921
C00444,2026-04-24,潮鞋,Puma,SKU6799,对比测评,A71533,0,0,1,1,1,0.1825,62.5,62.3,59.57,61.58,69.03,62.2,14543,0.0826,0.0735,0.041,0.0258,0.0704,0.0499,0.0664,0.0429,0.0406,0.0824
C00445,2026-05-27,潮鞋,New Balance,SKU8660,同质化好评,A24719,0,0,0,0,1,0.6507,36.01,28.68,24.91,37.9,52.82,33.83,26905,0.0755,0.0233,0.0334,0.0168,0.027,0.0177,0.0283,0.0192,0.0128,0.1146
C00446,2026-06-04,潮鞋,New Balance,SKU1044,价格判断,A11264,0,0,1,0,0,0.1704,44.29,37.48,49.22,48.63,42.47,44.85,10287,0.0489,0.0374,0.0523,0.0289,0.0491,0.0275,0.0579,0.0337,0.0357,0.0986
C00447,2026-05-27,潮鞋,Adidas,SKU1419,对比测评,A39358,1,1,1,1,0,0.1843,83.24,65.89,74.88,94.75,78.24,79.48,13596,0.0459,0.0406,0.0641,0.0517,0.0782,0.0366,0.0936,0.085,0.0532,0.0576
C00448,2026-05-15,潮鞋,Adidas,SKU2708,同质化好评,A82064,0,0,0,1,0,0.8665,25.98,33.63,29.58,21.13,37.62,28.6,19842,0.0795,0.0436,0.0327,0.0157,0.0337,0.0266,0.0136,0.0139,0.0016,0.1141
C00449,2026-05-19,潮鞋,Asics,SKU7846,对比测评,A73230,0,1,1,1,0,0.0914,71.09,54.57,66.78,68.11,67.31,65.73,7121,0.0608,0.0407,0.0346,0.0223,0.0701,0.0578,0.068,0.0565,0.0497,0.0572
C00450,2026-05-07,潮鞋,Puma,SKU7948,真实体验,A83390,0,1,0,0,1,0.4532,49.02,34.31,43.99,59.68,53.58,47.41,8560,0.0332,0.0422,0.0241,0.0136,0.0299,0.0242,0.0357,0.0421,0.0243,0.0659
C00451,2026-05-10,潮鞋,New Balance,SKU7600,疑似软广,A14553,0,0,0,0,1,0.9365,14.0,16.56,21.93,28.23,26.98,20.64,30828,0.0555,0.0293,0.0189,0.0084,0.003,0.002,0.0098,0.0167,0.003,0.1127
C00452,2026-05-25,潮鞋,Asics,SKU7165,真实体验,A40723,1,0,1,0,1,0.1628,71.01,44.88,53.81,74.57,61.33,61.23,9584,0.0571,0.0339,0.0362,0.0262,0.0577,0.0379,0.0673,0.0549,0.0333,0.0712
C00453,2026-04-25,潮鞋,New Balance,SKU9822,同质化好评,A11434,0,1,1,0,0,0.6838,41.44,36.07,56.54,51.12,42.39,46.17,15408,0.0995,0.0191,0.0023,0.0013,0.0535,0.0451,0.0585,0.041,0.0324,0.0718
C00454,2026-05-06,潮鞋,Nike,SKU9785,疑似软广,A87481,0,0,0,0,0,0.6378,20.05,19.3,18.83,24.96,22.85,20.86,1587,0.083,0.0137,0.0144,0.0064,0.0097,0.0064,0.0201,0.0192,0.0067,0.111
C00455,2026-05-20,潮鞋,New Balance,SKU3311,同质化好评,A68746,0,0,1,0,0,0.8589,27.78,18.09,23.97,25.7,48.28,26.52,23389,0.0929,0.0252,0.0135,0.0063,0.0258,0.0218,0.0536,0.0214,0.0142,0.1209
C00456,2026-06-01,潮鞋,Vans,SKU5710,同质化好评,A82543,0,0,0,0,0,0.8915,5.35,20.62,7.96,19.52,47.22,16.08,19804,0.0701,0.0241,0.007,0.003,0.0147,0.0115,0.0158,0.0135,0.001,0.1056
C00457,2026-05-01,潮鞋,Jordan,SKU7899,同质化好评,A18040,0,0,0,0,0,0.7412,10.26,12.49,8.82,23.27,56.81,17.6,3594,0.0501,0.0342,0.0322,0.0138,0.0123,0.0095,0.0082,0.0103,0.001,0.1066
C00458,2026-04-20,潮鞋,Jordan,SKU1244,穿搭展示,A84002,0,0,0,0,1,0.3929,35.56,31.0,23.57,36.61,48.21,33.12,18680,0.0613,0.0445,0.0298,0.0149,0.024,0.0161,0.0339,0.0189,0.0153,0.0887
C00459,2026-05-23,潮鞋,New Balance,SKU4632,真实体验,A85059,1,0,1,0,0,0.2497,50.27,48.79,50.12,58.75,49.73,51.58,9073,0.0412,0.0252,0.054,0.0368,0.048,0.023,0.0601,0.0608,0.0296,0.0888
C00460,2026-05-16,潮鞋,Nike,SKU5553,真实体验,A29413,1,1,0,1,1,0.3376,76.88,57.56,63.88,69.56,70.44,67.66,12984,0.0663,0.0351,0.0298,0.0225,0.0563,0.0396,0.0476,0.0758,0.0314,0.061
C00461,2026-05-26,潮鞋,Converse,SKU9982,真实体验,A45084,0,1,0,0,1,0.1526,48.17,30.4,43.07,56.31,72.56,47.41,15380,0.0428,0.0594,0.0247,0.0139,0.0388,0.0351,0.0275,0.0524,0.0255,0.0783
C00462,2026-05-19,潮鞋,Nike,SKU7771,穿搭展示,A14689,0,0,1,0,1,0.5224,49.36,19.04,40.68,55.08,39.3,41.26,22500,0.1,0.0384,0.007,0.0038,0.0367,0.0333,0.05,0.0226,0.0202,0.1066
C00463,2026-06-10,潮鞋,Nike,SKU7523,真实体验,A65953,0,1,1,0,1,0.0851,60.73,29.34,55.74,65.23,58.05,53.83,10094,0.0885,0.0378,0.039,0.0231,0.057,0.0445,0.0694,0.0537,0.0437,0.0906
C00464,2026-04-23,潮鞋,Nike,SKU7288,价格判断,A41095,0,0,0,1,1,0.2598,53.94,52.46,49.19,41.58,57.69,50.36,15919,0.048,0.0337,0.0581,0.0335,0.0462,0.0327,0.036,0.034,0.0167,0.0906
C00465,2026-04-23,潮鞋,Asics,SKU8443,真实体验,A73243,0,1,0,0,0,0.2589,41.75,33.11,40.72,50.21,64.47,43.73,12447,0.0506,0.0505,0.0315,0.0172,0.04,0.0383,0.0372,0.0475,0.0224,0.0774
C00466,2026-04-23,潮鞋,Asics,SKU7004,对比测评,A26353,0,0,0,1,1,0.0936,62.69,62.38,57.91,52.68,64.8,59.64,13511,0.0627,0.0553,0.0344,0.0212,0.0586,0.0496,0.0387,0.039,0.0283,0.0748
C00467,2026-05-24,潮鞋,New Balance,SKU2861,同质化好评,A43095,0,1,0,0,0,0.6911,26.4,31.16,31.0,42.18,44.86,33.51,24070,0.0742,0.0365,0.0101,0.0051,0.0364,0.0304,0.0204,0.0392,0.0117,0.0898
C00468,2026-06-01,潮鞋,Nike,SKU7382,穿搭展示,A65818,0,0,0,0,1,0.317,42.86,49.97,36.98,39.87,39.0,41.83,23267,0.0566,0.0306,0.0135,0.0073,0.0374,0.0259,0.0286,0.0297,0.0112,0.0872
C00469,2026-05-30,潮鞋,Puma,SKU9058,价格判断,A83154,0,0,0,1,0,0.3285,35.74,48.94,45.05,38.55,42.25,41.92,11320,0.0503,0.034,0.0232,0.0125,0.0478,0.0386,0.0216,0.0279,0.0146,0.0835
C00470,2026-05-27,潮鞋,Puma,SKU6293,真实体验,A22595,1,0,0,0,1,0.056,60.69,61.25,53.67,52.04,37.61,55.01,7022,0.0667,0.0413,0.0264,0.0184,0.0345,0.023,0.0305,0.0621,0.0235,0.0663
C00471,2026-06-01,潮鞋,Converse,SKU4888,对比测评,A28697,0,0,0,0,1,0.0773,37.77,51.95,29.36,38.74,56.24,40.55,10222,0.0723,0.0407,0.041,0.0218,0.0392,0.0346,0.0386,0.0307,0.0188,0.0887
C00472,2026-06-09,潮鞋,Adidas,SKU4887,价格判断,A26085,1,0,1,1,1,0.1335,80.91,79.13,78.46,82.24,67.23,78.84,16400,0.0787,0.0269,0.0294,0.0237,0.0807,0.0565,0.0807,0.0686,0.043,0.0752
C00473,2026-06-07,潮鞋,Converse,SKU1703,真实体验,A51159,1,1,0,0,0,0.2314,50.79,63.65,48.33,60.83,54.16,55.09,22445,0.0235,0.0443,0.0265,0.0185,0.0381,0.0302,0.03,0.0714,0.0191,0.0583
C00474,2026-06-04,潮鞋,Adidas,SKU4050,疑似软广,A38654,0,0,0,0,1,0.98,24.39,36.43,21.1,35.15,35.48,29.24,22295,0.0757,0.0078,0.0158,0.0076,0.005,0.0027,0.0146,0.0101,0.001,0.1126
C00475,2026-04-19,潮鞋,Asics,SKU5379,穿搭展示,A55822,0,0,0,0,1,0.5461,26.65,24.43,24.39,26.81,43.07,27.32,20805,0.0642,0.0486,0.023,0.0109,0.026,0.0166,0.0142,0.0151,0.0016,0.1079
C00476,2026-06-11,潮鞋,Jordan,SKU8725,同质化好评,A89753,0,0,0,0,0,0.7593,7.9,33.62,12.01,21.68,24.06,18.44,15488,0.0653,0.0187,0.0242,0.0105,0.019,0.0132,0.0086,0.0162,0.001,0.1032
C00477,2026-05-27,潮鞋,New Balance,SKU1031,对比测评,A11561,0,1,1,1,0,0.3642,66.28,65.9,69.91,66.2,55.56,66.03,19746,0.0321,0.051,0.0378,0.0245,0.0647,0.0421,0.078,0.0537,0.0387,0.0786
C00478,2026-05-31,潮鞋,Converse,SKU2590,真实体验,A56773,1,1,1,0,1,0.2291,73.48,48.92,69.45,84.34,77.99,70.18,8238,0.0841,0.0524,0.0358,0.0275,0.0546,0.0363,0.0754,0.0744,0.0522,0.0486
C00479,2026-06-05,潮鞋,Vans,SKU1279,价格判断,A12027,0,0,1,1,0,0.0446,63.33,55.73,65.23,54.32,60.95,60.25,9595,0.053,0.0316,0.0445,0.0277,0.065,0.0562,0.0829,0.0469,0.0456,0.0665
C00480,2026-05-11,潮鞋,Puma,SKU9906,价格判断,A45099,1,0,1,1,0,0.2668,72.59,63.7,76.22,65.24,52.49,68.24,16315,0.0678,0.0257,0.0359,0.0272,0.0656,0.0464,0.0789,0.0586,0.0434,0.0704
C00481,2026-05-02,潮鞋,Converse,SKU5092,同质化好评,A14983,0,0,0,0,1,0.5289,30.67,24.1,29.2,34.55,41.01,30.8,17315,0.0593,0.0321,0.0185,0.009,0.0165,0.012,0.0212,0.0211,0.0175,0.1006
C00482,2026-04-28,潮鞋,Vans,SKU4171,对比测评,A71466,0,0,1,1,1,0.02,68.83,55.27,77.94,65.45,70.05,67.84,21589,0.0513,0.0459,0.0439,0.0287,0.0813,0.0569,0.0711,0.0492,0.0396,0.0791
C00483,2026-05-04,潮鞋,Asics,SKU6503,同质化好评,A52191,0,0,0,0,0,0.6484,12.19,29.24,14.37,27.96,43.66,22.45,23071,0.0754,0.0336,0.0199,0.009,0.0173,0.0129,0.0205,0.0171,0.001,0.1067
C00484,2026-06-03,潮鞋,Adidas,SKU3622,真实体验,A59271,1,1,1,0,1,0.2139,83.41,46.33,69.64,83.06,60.49,70.19,16606,0.0505,0.0359,0.0444,0.034,0.0607,0.0536,0.0683,0.0706,0.0464,0.0542
C00485,2026-04-24,潮鞋,Asics,SKU3817,穿搭展示,A26944,0,0,0,0,1,0.4237,34.93,16.38,24.19,35.02,47.95,29.85,4330,0.0817,0.032,0.0271,0.0131,0.0228,0.0177,0.0268,0.0254,0.0126,0.0972
C00486,2026-04-23,潮鞋,Puma,SKU7439,价格判断,A75358,0,0,1,0,0,0.02,55.69,47.05,36.97,50.98,43.35,47.11,13746,0.0541,0.039,0.0263,0.0148,0.0507,0.0346,0.0672,0.0413,0.0351,0.074
C00487,2026-06-11,潮鞋,Adidas,SKU8117,价格判断,A65953,0,0,1,0,0,0.1654,42.1,41.25,38.78,53.46,46.39,43.8,6511,0.067,0.018,0.0323,0.0177,0.0435,0.0398,0.0567,0.0193,0.0285,0.0922
C00488,2026-05-28,潮鞋,Puma,SKU7608,疑似软广,A77574,0,0,0,0,0,0.7783,9.84,24.51,19.64,22.39,15.41,18.29,6566,0.0726,0.0267,0.0107,0.0046,0.0081,0.006,0.0185,0.0087,0.001,0.12
C00489,2026-04-20,潮鞋,Vans,SKU1384,对比测评,A66716,1,0,0,1,1,0.1608,75.81,82.11,51.72,62.84,61.01,66.98,13276,0.0391,0.021,0.0395,0.0297,0.0618,0.045,0.0453,0.0652,0.0298,0.0723
C00490,2026-04-27,潮鞋,Puma,SKU8990,疑似软广,A47246,0,1,0,0,0,0.8409,26.33,21.0,27.9,42.31,28.42,29.06,2924,0.081,0.0272,0.008,0.0039,0.0209,0.0177,0.0213,0.0318,0.001,0.0962
C00491,2026-05-07,潮鞋,Converse,SKU6573,穿搭展示,A80074,0,0,0,0,1,0.3248,30.09,27.63,32.32,34.21,41.52,32.12,8995,0.0681,0.0501,0.0271,0.0134,0.021,0.0145,0.0281,0.0148,0.0116,0.0894
C00492,2026-04-25,潮鞋,Adidas,SKU5430,真实体验,A10011,1,1,1,0,1,0.2993,78.49,63.87,71.11,77.4,72.84,72.94,5866,0.0815,0.0461,0.0311,0.0242,0.0666,0.0676,0.073,0.0828,0.0457,0.0548
C00493,2026-05-15,潮鞋,Puma,SKU5351,真实体验,A77269,1,0,0,0,1,0.2229,49.11,42.97,37.84,48.71,60.38,46.11,8404,0.0494,0.0356,0.0404,0.0266,0.0322,0.0191,0.0318,0.0592,0.0194,0.0738
C00494,2026-05-26,潮鞋,Jordan,SKU2702,价格判断,A39049,0,1,1,1,0,0.2674,65.81,43.24,74.74,68.72,56.87,63.21,13574,0.0395,0.05,0.039,0.0247,0.0605,0.047,0.0771,0.0524,0.0478,0.0629
C00495,2026-05-06,潮鞋,New Balance,SKU5773,价格判断,A27593,1,0,1,0,0,0.2079,68.06,58.42,51.38,62.0,50.22,58.96,6884,0.0544,0.0318,0.0281,0.0201,0.0612,0.0434,0.0668,0.0674,0.0289,0.0828
C00496,2026-04-28,潮鞋,Converse,SKU1126,真实体验,A67625,1,0,0,0,0,0.2457,52.2,52.56,29.44,35.53,51.4,43.17,22109,0.0462,0.0505,0.0554,0.0357,0.0333,0.0237,0.0192,0.0468,0.021,0.081
C00497,2026-04-26,潮鞋,Adidas,SKU9638,穿搭展示,A81488,0,0,0,0,0,0.444,21.82,40.2,23.9,35.44,34.53,30.01,10904,0.0834,0.0494,0.0233,0.0113,0.017,0.0139,0.0181,0.0311,0.009,0.1056
C00498,2026-06-11,潮鞋,Asics,SKU6802,价格判断,A61249,0,0,0,0,0,0.1949,32.25,32.5,27.73,32.16,38.5,31.78,17220,0.0373,0.0197,0.0485,0.0239,0.019,0.0096,0.0296,0.0269,0.0155,0.0911
C00499,2026-06-05,潮鞋,Adidas,SKU7419,价格判断,A50028,0,0,1,0,1,0.2109,55.05,38.36,52.38,40.69,56.7,48.34,11719,0.058,0.0208,0.0352,0.02,0.0423,0.0328,0.0542,0.0285,0.0341,0.0824
C00500,2026-05-01,潮鞋,Jordan,SKU2889,同质化好评,A37105,0,0,0,0,0,0.7401,14.34,30.69,22.6,26.89,52.17,25.97,12355,0.0382,0.0391,0.0118,0.0055,0.0143,0.0075,0.0092,0.0086,0.001,0.105
